day,date,G0,G,R,W,base,increase,cancel,refund,adjustment,emergency,total,S0,Send,C,D,absolute_adjustment,surcharge
0,2025-01-01,54149.36566502058,54149.36566502058,34900.52509164609,0.0,32909.8652559563,0.0,0.0,0.0,0.0,179691.37557177126,212601.24082772757,6000.0,1200.0,7024.846,10010.125259999993,0.0,0.0
1,2025-01-02,96853.44019506172,96853.44019506172,1530.930611666667,463.5164333333332,61853.479049846166,0.0,0.0,0.0,0.0,7429.491871768836,69282.97092161501,1200.0,1365.1683916666664,25720.86081172839,20685.245705,0.0,0.0
2,2025-01-03,97149.5001978052,97149.5001978052,0.0,41861.21272363968,62183.0986368983,0.0,0.0,0.0,0.0,0.0,62183.0986368983,1365.1683916666664,8522.945869629628,17586.03356490627,7802.68745740741,0.0,0.0
3,2025-01-04,124055.37486248682,124055.37486248682,0.0,78291.77460969152,86168.28666297751,0.0,0.0,0.0,0.0,0.0,86168.28666297751,8522.945869629628,8307.31184288168,6274.044790535694,5276.046904407066,0.0,0.0
4,2025-01-05,113362.48855331249,113362.48855331249,1548.7629874812271,28114.80220151766,77352.9074604901,0.0,0.0,0.0,0.0,8429.466455197444,85782.37391568754,8307.31184288168,1200.0,11354.314199313516,15593.575160037464,0.0,0.0
5,2025-01-06,120580.03273977117,120580.03273977117,0.0,22124.44766718379,81500.44820375995,0.0,0.0,0.0,0.0,0.0,81500.44820375995,1200.0,5059.811816632441,22890.912303253604,15067.808330666227,0.0,0.0
6,2025-01-07,120583.93711565628,120583.93711565628,0.0,23644.66052891003,83253.90441982703,0.0,0.0,0.0,0.0,0.0,83253.90441982703,5059.811816632441,6041.953573305505,18360.25292495001,13987.877288203754,0.0,0.0
7,2025-01-08,122579.66007402334,122579.66007402334,0.0,29746.782848853345,85261.67037796113,0.0,0.0,0.0,0.0,0.0,85261.67037796113,6041.953573305505,6260.81921478732,16367.87805878792,13061.002150284581,0.0,0.0
8,2025-01-09,123547.36960722783,123547.36960722783,0.0,29201.96255978247,86247.5756002782,0.0,0.0,0.0,0.0,0.0,86247.5756002782,6260.81921478732,6451.583831521234,16221.90934588504,12968.058415106358,0.0,0.0
9,2025-01-10,124490.10494503888,124490.10494503888,0.0,73315.813096767,87131.21595906792,0.0,0.0,0.0,0.0,0.0,87131.21595906792,6451.583831521234,10800.0,9316.055684075358,3632.4305524701504,0.0,0.0
10,2025-01-11,111836.12126871978,111836.12126871978,0.0,66004.81250631191,78637.07580319225,0.0,0.0,0.0,0.0,0.0,78637.07580319225,10800.0,10800.0,5081.1691881116485,4115.747042370435,0.0,0.0
11,2025-01-12,96418.26159681164,96418.26159681164,0.0,10118.76488266507,65955.06102313433,0.0,0.0,0.0,0.0,0.0,65955.06102313433,10800.0,3057.2475239143623,12642.555487492904,17208.94717334633,0.0,0.0
12,2025-01-13,112305.94361959843,112305.94361959843,0.0,19408.788611992903,75322.6733715075,0.0,0.0,0.0,0.0,0.0,75322.6733715075,3057.2475239143623,3974.7852548114024,19986.38991121863,15363.19187027976,0.0,0.0
13,2025-01-14,113982.42180938128,113982.42180938128,0.0,20462.492906635147,77117.20191072169,0.0,0.0,0.0,0.0,0.0,77117.20191072169,3974.7852548114024,4545.908209404268,19608.449001469635,15368.833032056828,0.0,0.0
14,2025-01-15,115576.51403952927,115576.51403952927,0.0,21425.08022549234,78695.80118170116,0.0,0.0,0.0,0.0,0.0,78695.80118170116,4545.908209404268,5008.193792856208,19289.651871562393,15208.560990858794,0.0,0.0
15,2025-01-16,116899.72307045136,116899.72307045136,0.0,23951.095325843136,80036.74805060611,0.0,0.0,0.0,0.0,0.0,80036.74805060611,5008.193792856208,5411.403920670678,18482.037787237947,14607.561492629717,0.0,0.0
16,2025-01-17,117596.70978945306,117596.70978945306,0.0,67889.41247403472,80859.01181071987,0.0,0.0,0.0,0.0,0.0,80859.01181071987,5411.403920670678,10800.0,11412.880933448923,4394.697084697237,0.0,0.0
17,2025-01-18,103911.56348984425,103911.56348984425,0.0,59617.159383705395,71994.18603997759,0.0,0.0,0.0,0.0,0.0,71994.18603997759,10800.0,10749.775300885382,5774.196414080713,4722.3013246085275,0.0,0.0
18,2025-01-19,94846.39569190063,94846.39569190063,0.0,10518.48735512404,64678.187801033804,0.0,0.0,0.0,0.0,0.0,64678.187801033804,10749.775300885382,3171.250342848466,12976.007012332386,17331.23814222246,0.0,0.0
19,2025-01-20,108661.51135219753,108661.51135219753,0.0,15606.768611880336,72923.26721221827,0.0,0.0,0.0,0.0,0.0,72923.26721221827,3171.250342848466,4238.015279475672,21197.777617645806,16210.111427328622,0.0,0.0
20,2025-01-21,110440.6132484446,110440.6132484446,0.0,22949.177056260163,74903.00710005214,0.0,0.0,0.0,0.0,0.0,74903.00710005214,4238.015279475672,4823.818527302015,18359.518872670542,14343.987363819426,0.0,0.0
21,2025-01-22,111111.14075712605,111111.14075712605,0.0,18807.212170893432,75806.99090934836,0.0,0.0,0.0,0.0,0.0,75806.99090934836,4823.818527302015,4647.907149206885,18755.181367639878,15350.017148073923,0.0,0.0
22,2025-01-23,113458.19634021765,113458.19634021765,0.0,19575.8933418567,77627.43434589807,0.0,0.0,0.0,0.0,0.0,77627.43434589807,4647.907149206885,5370.7052312250835,19293.995392339915,14977.617993978954,0.0,0.0
23,2025-01-24,114446.89553335472,114446.89553335472,0.0,67558.51088476337,78687.97275833262,0.0,0.0,0.0,0.0,0.0,78687.97275833262,5370.7052312250835,10800.0,11434.769508915428,4375.798010324072,0.0,0.0
24,2025-01-25,100429.02124826316,100429.02124826316,0.0,60810.506958084734,69654.09218744686,0.0,0.0,0.0,0.0,0.0,69654.09218744686,10800.0,10800.0,6204.941176377662,5026.002352865906,0.0,0.0
25,2025-01-26,92206.29643988928,92206.29643988928,0.0,9015.999420218135,62744.46615205449,0.0,0.0,0.0,0.0,0.0,62744.46615205449,10800.0,3161.1980838981744,12453.8353201551,16962.528333817278,0.0,0.0
26,2025-01-27,106358.72606986552,106358.72606986552,0.0,17782.954089570187,71081.71644655943,0.0,0.0,0.0,0.0,0.0,71081.71644655943,3161.1980838981744,3953.8259707362,19302.579467409345,14921.72427044735,0.0,0.0
27,2025-01-28,108078.39722223744,108078.39722223744,0.0,16811.57368812734,72835.30985433646,0.0,0.0,0.0,0.0,0.0,72835.30985433646,3953.8259707362,4551.686067638444,19728.158317007477,15441.734149564036,0.0,0.0
28,2025-01-29,110039.52044973771,110039.52044973771,0.0,24942.058172493984,74671.11163042407,0.0,0.0,0.0,0.0,0.0,74671.11163042407,4551.686067638444,5090.789994777886,16984.566804306443,13272.305577062718,0.0,0.0
29,2025-01-30,110301.8267724755,110301.8267724755,0.0,23024.85612451094,75143.39509089824,0.0,0.0,0.0,0.0,0.0,75143.39509089824,5090.789994777886,5247.368516251779,17860.353659498618,14325.965794867381,0.0,0.0
30,2025-01-31,111275.08814455084,111275.08814455084,0.0,65297.34139787462,76118.45173038449,0.0,0.0,0.0,0.0,0.0,76118.45173038449,5247.368516251779,10800.0,11663.44927001483,4450.025573338616,0.0,0.0
31,2025-02-01,50921.90312698996,50921.90312698996,0.0,20640.10482622489,30281.066884039137,0.0,0.0,0.0,0.0,0.0,30281.066884039137,10800.0,4620.165202025608,7713.019397940459,11809.397030508728,0.0,0.0
32,2025-02-02,102234.24190502832,102234.24190502832,0.0,21062.81722198167,67861.77260723292,0.0,0.0,0.0,0.0,0.0,67861.77260723292,4620.165202025608,4032.8722200391094,17598.475878076293,14783.32914502965,0.0,0.0
33,2025-02-03,106238.09007907231,106238.09007907231,0.0,22401.76027196817,70518.90137903551,0.0,0.0,0.0,0.0,0.0,70518.90137903551,4032.8722200391094,4256.104501279411,17992.127652567797,14372.714345463646,0.0,0.0
34,2025-02-04,109310.67113020137,109310.67113020137,0.0,24631.870006194476,73205.55078216805,0.0,0.0,0.0,0.0,0.0,73205.55078216805,4256.104501279411,4322.715764604897,18020.984405336614,14537.047231329718,0.0,0.0
35,2025-02-05,102502.71655731011,102502.71655731011,0.0,18264.64380970697,67955.75804784236,0.0,0.0,0.0,0.0,0.0,67955.75804784236,4322.715764604897,4116.892276719132,19341.510017720975,15851.86425345118,0.0,0.0
36,2025-02-06,107238.46557756094,107238.46557756094,0.0,24271.994179931316,71334.57167952186,0.0,0.0,0.0,0.0,0.0,71334.57167952186,4116.892276719132,3330.2542641941286,17912.570485449873,15217.156304486904,0.0,0.0
37,2025-02-07,57393.25920015239,57393.25920015239,0.0,21142.219054183708,33721.82407323113,0.0,0.0,0.0,0.0,0.0,33721.82407323113,3330.2542641941286,4937.919512310052,15781.377663145746,11336.017183843727,0.0,0.0
38,2025-02-08,44672.781140132334,44672.781140132334,0.0,10423.890884738039,25975.470642501205,0.0,0.0,0.0,0.0,0.0,25975.470642501205,4937.919512310052,4767.0860023498835,14870.935251009352,12199.207712281719,0.0,0.0
39,2025-02-09,95629.75423973643,95629.75423973643,0.0,12989.793700387572,63809.338790702124,0.0,0.0,0.0,0.0,0.0,63809.338790702124,4767.0860023498835,4390.946975339752,18016.1562999543,14931.6117272721,0.0,0.0
40,2025-02-10,94262.15263106098,94262.15263106098,0.0,16443.785151602653,62706.56894021873,0.0,0.0,0.0,0.0,0.0,62706.56894021873,4390.946975339752,4653.79506737041,17132.45585946007,13640.725963335062,0.0,0.0
41,2025-02-11,94329.2117197435,94329.2117197435,0.0,15542.299448484673,62930.98442161977,0.0,0.0,0.0,0.0,0.0,62930.98442161977,4653.79506737041,4659.783961082518,18741.7112293926,15175.396091467112,0.0,0.0
42,2025-02-12,92291.42895115796,92291.42895115796,0.0,15536.958848880065,60568.189149668935,0.0,0.0,0.0,0.0,0.0,60568.189149668935,4659.783961082518,2704.493061701992,17092.083044142284,15604.34907519772,0.0,0.0
43,2025-02-13,88703.09585037344,88703.09585037344,0.0,13873.60657924477,56949.6999745076,0.0,0.0,0.0,0.0,0.0,56949.6999745076,2704.493061701992,2679.2977437822187,18540.452845209533,15040.442590747512,0.0,0.0
44,2025-02-14,45864.601646416806,45864.601646416806,0.0,12467.159224292507,24880.12051157475,0.0,0.0,0.0,0.0,0.0,24880.12051157475,2679.2977437822187,3078.0593708007623,17035.553374426036,13439.912768968396,0.0,0.0
45,2025-02-15,44608.53367341445,44608.53367341445,0.0,12175.689634957675,24769.374652031198,0.0,0.0,0.0,0.0,0.0,24769.374652031198,3078.0593708007623,3072.518598573754,16619.68228137413,13466.929342917349,0.0,0.0
46,2025-02-16,92276.44928807727,92276.44928807727,0.0,13367.88014970321,60121.386040758545,0.0,0.0,0.0,0.0,0.0,60121.386040758545,3072.518598573754,3041.824839792132,18730.602217250093,15199.412178876035,0.0,0.0
47,2025-02-17,93446.59222402259,93446.59222402259,0.0,18548.646199422095,60455.625685351086,0.0,0.0,0.0,0.0,0.0,60455.625685351086,3041.824839792132,3596.1042125797653,16922.270644341956,13208.187786408113,0.0,0.0
48,2025-02-18,84187.8111441076,84187.8111441076,0.0,8373.124763060945,54807.45666846968,0.0,0.0,0.0,0.0,0.0,54807.45666846968,3596.1042125797653,3934.582212410553,17992.991567713805,14269.692970000475,0.0,0.0
49,2025-02-19,82753.52131027498,82753.52131027498,0.0,8186.4512846880825,53140.6306944621,0.0,0.0,0.0,0.0,0.0,53140.6306944621,3934.582212410553,2064.9236764691245,17739.133287372948,16051.390645119369,0.0,0.0
50,2025-02-20,86730.61275454737,86730.61275454737,19.10078300627322,11638.520416571118,55045.13451917871,0.0,0.0,0.0,0.0,89.46806760138375,55134.60258678009,2064.9236764691245,2545.1440905223726,19399.268500006725,15281.209112357532,0.0,0.0
51,2025-02-21,40204.49328138402,40204.49328138402,0.0,10852.546066122875,21683.191475719163,0.0,0.0,0.0,0.0,0.0,21683.191475719163,2545.1440905223726,3074.723631325289,17447.70313265884,13656.017950731031,0.0,0.0
52,2025-02-22,41152.298848640785,41152.298848640785,0.0,10084.22173737792,22627.78588941187,0.0,0.0,0.0,0.0,0.0,22627.78588941187,3074.723631325289,3106.849799929106,16812.63513782155,13589.320909892016,0.0,0.0
53,2025-02-23,84858.77983472607,84858.77983472607,0.0,10147.9822939049,54045.788201335745,0.0,0.0,0.0,0.0,0.0,54045.788201335745,3106.849799929106,2318.1054284345514,20467.441009647093,17288.49715215924,0.0,0.0
54,2025-02-24,83178.74245685732,83178.74245685732,0.0,10904.410788238301,53205.2893634575,0.0,0.0,0.0,0.0,0.0,53205.2893634575,2318.1054284345514,2759.420016958387,19337.446959373166,15266.14890742081,0.0,0.0
55,2025-02-25,86047.69359427269,86047.69359427269,0.0,17261.955464358085,54942.16707757491,0.0,0.0,0.0,0.0,0.0,54942.16707757491,2759.420016958387,2524.3003613271476,16715.90835078626,13751.493454204989,0.0,0.0
56,2025-02-26,72532.81433108976,72532.81433108976,0.0,356.4471323649226,44789.11826228873,0.0,0.0,0.0,0.0,0.0,44789.11826228873,2524.3003613271476,1720.682018237634,21498.819337747733,18137.300172356227,0.0,0.0
57,2025-02-27,72620.0384801273,72620.0384801273,237.0093608787902,1866.7133013511402,44822.3702698774,0.0,0.0,0.0,0.0,1264.4245309273388,46086.79480080474,1720.682018237634,1493.4267233988442,22306.737394788768,18272.987055133817,0.0,0.0
58,2025-02-28,33977.2926631126,33977.2926631126,0.0,7168.157534588545,17642.71410995323,0.0,0.0,0.0,0.0,0.0,17642.71410995323,1493.4267233988442,1640.9045191679509,17809.53453858877,14292.992960064708,0.0,0.0
59,2025-03-01,37244.6536579127,37244.6536579127,0.0,10472.077218014794,19266.433738402375,0.0,0.0,0.0,0.0,0.0,19266.433738402375,1640.9045191679509,1634.8457264255076,16417.175894909313,13303.365388344739,0.0,0.0
60,2025-03-02,80011.92648585957,80011.92648585957,207.380492255605,3868.1251931947736,49846.33971824919,0.0,0.0,0.0,0.0,652.2759103262024,50498.61562857539,1634.8457264255076,1200.0,23074.925642298378,19082.050924044637,0.0,0.0
61,2025-03-03,83744.22671820343,83744.22671820343,274.6562812930009,7775.960026546854,52317.55682268903,0.0,0.0,0.0,0.0,1626.3893600278652,53943.9461827169,1200.0,1248.357357558437,22011.866935861377,17786.090596245125,0.0,0.0
62,2025-03-04,75030.90078765913,75030.90078765913,0.0,1358.4809322595625,46622.61686229888,0.0,0.0,0.0,0.0,0.0,46622.61686229888,1248.357357558437,1543.0474965421172,22146.004194636487,17673.04227257024,0.0,0.0
63,2025-03-05,78086.08277077856,78086.08277077856,0.0,8221.605726363585,48468.28014300598,0.0,0.0,0.0,0.0,0.0,48468.28014300598,1543.0474965421172,1474.4925516606959,19977.39199021898,16243.386962470659,0.0,0.0
64,2025-03-06,72236.62515032137,72236.62515032137,57.45769120783929,2542.9542812549985,44722.14357217851,0.0,0.0,0.0,0.0,122.84454380236039,44844.98811598087,1474.4925516606959,1200.0,21355.35643913431,17544.88201219342,0.0,0.0
65,2025-03-07,34804.524448850796,34804.524448850796,0.0,10110.751923505455,18567.737818922546,0.0,0.0,0.0,0.0,0.0,18567.737818922546,1200.0,1947.4325583334744,16309.461523746728,12537.974531734719,0.0,0.0
66,2025-03-08,30371.48479958139,30371.48479958139,572.258136920169,8963.000513715238,16076.489098470258,0.0,0.0,0.0,0.0,2215.3591308887935,18291.84822935905,1947.4325583334744,1871.356036654874,15716.167240159975,12798.564334040322,0.0,0.0
67,2025-03-09,72626.56994433844,72626.56994433844,256.36875298095083,6054.018152298281,44627.123946169595,0.0,0.0,0.0,0.0,890.8639351539055,45517.9878813235,1871.356036654874,1200.0,21576.92593689733,18081.530441876217,0.0,0.0
68,2025-03-10,71659.68748242165,71659.68748242165,1321.3771141461546,704.4316959143442,43665.519917923244,0.0,0.0,0.0,0.0,6356.9829086595455,50022.502826582786,1200.0,1223.5087099561656,22175.808482594206,17941.24703194075,0.0,0.0
69,2025-03-11,63267.93050332303,63267.93050332303,4430.205811581148,176.35533755729864,39000.32545137187,0.0,0.0,0.0,0.0,28811.23492658633,67811.5603779582,1223.5087099561656,1402.964891412411,18007.113758085536,14424.251580738654,0.0,0.0
70,2025-03-12,72669.39446587874,72669.39446587874,1031.9697801100915,7261.633879659277,44113.96598422999,0.0,0.0,0.0,0.0,4589.42868703942,48703.39467126941,1402.964891412411,1262.0705984160857,21742.108140489025,17737.912457492806,0.0,0.0
71,2025-03-13,71603.90204772001,71603.90204772001,1675.986352253774,1553.2515299232016,42937.1880761944,0.0,0.0,0.0,0.0,8790.827107268673,51728.01518346307,1262.0705984160857,1251.3670750373756,22056.06328644605,17875.04443306213,0.0,0.0
72,2025-03-14,30556.000254727627,30556.000254727627,0.0,11066.498259439053,15902.302952485656,0.0,0.0,0.0,0.0,0.0,15902.302952485656,1251.3670750373756,1662.1536468337413,16265.095249150081,12805.019237194838,0.0,0.0
73,2025-03-15,30071.4552517541,30071.4552517541,464.74800402740084,7097.910155441206,15436.004318807722,0.0,0.0,0.0,0.0,1681.9947916472765,17117.999110455,1662.1536468337413,1200.0,15421.61174995086,12907.443799610563,0.0,0.0
74,2025-03-16,68836.32525109092,68836.32525109092,111.04872787950077,1440.6180246192391,41870.839911392715,0.0,0.0,0.0,0.0,240.9163524242031,42111.75626381692,1200.0,1200.0,21872.15274219917,17716.443721181327,0.0,0.0
75,2025-03-17,66008.45220700238,66008.45220700238,692.1878361019318,4424.92366109316,39256.620442413245,0.0,0.0,0.0,0.0,4562.788121591945,43819.40856400519,1200.0,1472.7233877690423,21958.599472029895,17541.014523352067,0.0,0.0
76,2025-03-18,73987.05402832282,73987.05402832282,0.0,9500.353679530843,45260.389398009705,0.0,0.0,0.0,0.0,0.0,45260.389398009705,1472.7233877690423,1257.8013058595072,18706.167662336276,15345.42568021097,0.0,0.0
77,2025-03-19,60878.15311792136,60878.15311792136,2759.116760426472,336.29007448503637,37311.72581054445,0.0,0.0,0.0,0.0,18330.590445433467,55642.316255977916,1257.8013058595072,1498.92619699595,19044.720799157913,15209.21144529511,0.0,0.0
78,2025-03-20,69328.07948888052,69328.07948888052,1386.9761591056965,4248.669328715886,42264.56945459645,0.0,0.0,0.0,0.0,7000.965705837736,49265.535160434185,1498.92619699595,1597.1530666042624,21942.212210295773,17684.78770769209,0.0,0.0
79,2025-03-21,28979.618240685166,28979.618240685166,524.1213664662831,14808.940464605936,14975.720073105953,0.0,0.0,0.0,0.0,2092.0459140339,17067.765987139854,1597.1530666042624,1366.138220978822,15101.305194430231,12439.970568551384,0.0,0.0
80,2025-03-22,30580.12373402462,30580.12373402462,0.0,11388.91599906433,15919.866335164093,0.0,0.0,0.0,0.0,0.0,15919.866335164093,1366.138220978822,1838.382951253652,15184.146023050573,11874.13802142362,0.0,0.0
81,2025-03-23,69480.67132525778,69480.67132525778,359.39573791465773,7771.911837906939,42139.99336633489,0.0,0.0,0.0,0.0,1975.934124674733,44115.92749100963,1838.382951253652,1337.883985671743,19730.96935590815,16432.53424730932,0.0,0.0
82,2025-03-24,66691.7317704694,66691.7317704694,439.30841593323726,5357.6076187020135,40217.388433642656,0.0,0.0,0.0,0.0,2088.309715443631,42305.69814908629,1337.883985671743,1200.0,20521.216165641352,16746.28068127406,0.0,0.0
83,2025-03-25,74140.99046275901,74140.99046275901,171.2540472121053,9403.156574972134,44823.761306755034,0.0,0.0,0.0,0.0,803.6744583528449,45627.435765107875,1200.0,1262.9916558620673,20538.266989770884,16579.303771438557,0.0,0.0
84,2025-03-26,63151.6810836574,63151.6810836574,629.8659121843718,4122.68195245546,38329.4614002367,0.0,0.0,0.0,0.0,3136.365193379027,41465.826593615726,1262.9916558620673,1200.0,21700.014036818546,17633.703860098893,0.0,0.0
85,2025-03-27,66720.49956054513,66720.49956054513,186.27878746517237,4421.6741716062215,40563.160352284445,0.0,0.0,0.0,0.0,565.9563818503253,41129.11673413477,1200.0,1200.0,19832.183033705718,16064.068257301638,0.0,0.0
86,2025-03-28,30201.512519022326,30201.512519022326,0.0,15834.008743748635,15406.486019427597,0.0,0.0,0.0,0.0,0.0,15406.486019427597,1200.0,1802.5988382304922,15806.758179997798,12261.135171390772,0.0,0.0
87,2025-03-29,28348.676367146283,28348.676367146283,216.63333512749034,18523.159159830448,14377.137991295745,0.0,0.0,0.0,0.0,1191.5576086393792,15568.695599935125,1802.5988382304922,1339.0594440243206,14484.877967871307,12149.936608761316,0.0,0.0
88,2025-03-30,65338.589534526334,65338.589534526334,0.0,5827.037729901198,39275.66573858382,0.0,0.0,0.0,0.0,0.0,39275.66573858382,1339.0594440243206,1512.3718821782734,21105.004790982,16939.072686356856,0.0,0.0
89,2025-03-31,57223.329492306075,57223.329492306075,3184.767854788175,63.63959819342165,34985.82383320338,0.0,0.0,0.0,0.0,21511.475238629868,56497.299071833244,1512.3718821782734,1537.9098209329395,17737.284845727896,14344.216580160399,0.0,0.0
90,2025-04-01,71123.17247209851,71123.17247209851,0.0,7388.738496707889,42623.22077453395,0.0,0.0,0.0,0.0,0.0,42623.22077453395,1537.9098209329395,1517.3848429384482,18652.920731152633,15127.338272428671,0.0,0.0
91,2025-04-02,66765.51294590315,66765.51294590315,164.83955759289597,2896.476858211503,40505.65581138211,0.0,0.0,0.0,0.0,780.4494491153336,41286.10526049744,1517.3848429384482,1353.2980448493665,19716.93875560377,16118.39851031922,0.0,0.0
92,2025-04-03,67567.7031140198,67567.7031140198,133.47272950846184,8145.990288994305,41170.305678474295,0.0,0.0,0.0,0.0,716.5798031993727,41886.88548167367,1353.2980448493665,1315.5017671225946,19608.799672744157,15917.144384876865,0.0,0.0
93,2025-04-04,27711.293007990746,27711.293007990746,0.0,18285.344051825858,13902.031862759046,0.0,0.0,0.0,0.0,0.0,13902.031862759046,1315.5017671225946,1541.1190976314087,14695.21636161555,11700.069655450661,0.0,0.0
94,2025-04-05,27326.688536722548,27326.688536722548,144.21336812378485,12925.544504784606,13733.940201164361,0.0,0.0,0.0,0.0,645.8824688089766,14379.822669973339,1541.1190976314087,1331.1588987185387,14158.9820828946,11657.739666166208,0.0,0.0
95,2025-04-06,65013.72783772753,65013.72783772753,337.85721996632014,6762.395181430245,38126.44822512225,0.0,0.0,0.0,0.0,1569.1201950604295,39695.56842018268,1331.1588987185387,1469.5839503160025,21339.637174522228,17160.52356492529,0.0,0.0
96,2025-04-07,57068.988706339514,57068.988706339514,1068.3995179669064,1229.7769016663688,34001.99063571328,0.0,0.0,0.0,0.0,6978.458908018089,40980.44954373137,1469.5839503160025,1200.0,20565.882076795366,16900.99003748865,0.0,0.0
97,2025-04-08,67293.41404849963,67293.41404849963,0.0,8533.661299442609,40727.247643218594,0.0,0.0,0.0,0.0,0.0,40727.247643218594,1200.0,1564.2093678806993,21467.214217356523,17060.65508496615,0.0,0.0
98,2025-04-09,64850.038485192665,64850.038485192665,69.68829053380668,1988.0356898407417,39125.7386714815,0.0,0.0,0.0,0.0,353.6206598271989,39479.3593313087,1564.2093678806993,1260.4483702426182,21425.07877417544,17627.698704956376,0.0,0.0
99,2025-04-10,62316.04838513372,62316.04838513372,173.10027865173979,3679.499263633077,37919.01436851213,0.0,0.0,0.0,0.0,793.2605759919657,38712.2749445041,1260.4483702426182,1510.643153636155,21704.401026832667,17355.38952668028,0.0,0.0
100,2025-04-11,26150.55219010073,26150.55219010073,457.07018316383744,18994.368733333333,12929.483544373288,0.0,0.0,0.0,0.0,2025.6591226486614,14955.14266702195,1510.643153636155,1202.8262336020775,13545.466848922288,11248.86337565772,0.0,0.0
101,2025-04-12,28603.05152267963,28603.05152267963,0.0,16195.091991913054,14734.231853760091,0.0,0.0,0.0,0.0,0.0,14734.231853760091,1202.8262336020775,2036.6922034959848,13854.31372558981,10471.514744823231,0.0,0.0
102,2025-04-13,58030.01166615706,58030.01166615706,208.30873060675793,743.0895600842218,34742.05885705186,0.0,0.0,0.0,0.0,1077.1002867098264,35819.15914376169,2036.6922034959848,1395.9898430218057,19976.33935670012,16757.467003353853,0.0,0.0
103,2025-04-14,63471.15158840705,63471.15158840705,67.34535337227305,6989.719983218585,38068.53294086372,0.0,0.0,0.0,0.0,356.64476023785767,38425.17770110158,1395.9898430218057,1539.5211747593064,20481.93136840517,16461.186209844436,0.0,0.0
104,2025-04-15,55264.37903897886,55264.37903897886,318.56474276971966,1439.3284597257184,33271.394473251785,0.0,0.0,0.0,0.0,1894.805773898858,35166.20024715064,1539.5211747593064,1728.489406376762,20179.55305386227,16175.36656517273,0.0,0.0
105,2025-04-16,61191.18087571795,61191.18087571795,177.75732810210485,2036.3720534949962,36222.472920265354,0.0,0.0,0.0,0.0,886.9048973088032,37109.37781757416,1728.489406376762,1444.0200766081668,20047.350511141034,16494.376310815973,0.0,0.0
106,2025-04-17,54525.46704777831,54525.46704777831,1950.4593421613256,54.42730564470628,33626.334316314045,0.0,0.0,0.0,0.0,11959.91994812922,45586.25426444327,1444.0200766081668,1499.065541603543,18440.083241047843,14886.926506752912,0.0,0.0
107,2025-04-18,26651.582543866407,26651.582543866407,0.0,17091.29219099874,13229.855278420153,0.0,0.0,0.0,0.0,0.0,13229.855278420153,1499.065541603543,2119.3629988038415,13936.344516074034,10730.1713465397,0.0,0.0
108,2025-04-19,24932.79876210034,24932.79876210034,195.80600878271684,16457.80814904837,12044.538584038552,0.0,0.0,0.0,0.0,977.2945834624575,13021.833167501009,2119.3629988038415,1437.268403338568,13157.907935544376,11271.790563709688,0.0,0.0
109,2025-04-20,55510.82236174101,55510.82236174101,365.6199125261801,46.286315965004974,33322.0791941037,0.0,0.0,0.0,0.0,2541.1350814258194,35863.21427552952,1437.268403338568,1317.4052889026357,20948.88356821686,17076.472493248006,0.0,0.0
110,2025-04-21,61077.13467979862,61077.13467979862,0.0,8669.408983714431,36557.003019814496,0.0,0.0,0.0,0.0,0.0,36557.003019814496,1317.4052889026357,1450.4725319805113,19847.65681042515,15956.841497674293,0.0,0.0
111,2025-04-22,54006.90713751258,54006.90713751258,1566.6841705147172,51.65710390300592,32451.90799049884,0.0,0.0,0.0,0.0,10506.287409381042,42958.195399879885,1450.4725319805113,1252.4003180521938,18669.84147364794,15300.836586190315,0.0,0.0
112,2025-04-23,53538.74896543051,53538.74896543051,1620.2850735473924,61.99083325236063,32034.03565025874,0.0,0.0,0.0,0.0,11056.385832376633,43090.42148263537,1252.4003180521938,1461.978897134196,18465.819830974135,14768.69334191525,0.0,0.0
113,2025-04-24,54016.99556074926,54016.99556074926,550.7520006553584,4019.786610796834,31967.21729830304,0.0,0.0,0.0,0.0,3316.0269104498793,35283.24420875292,1461.978897134196,1200.0,19440.185568571476,15982.33131796368,0.0,0.0
114,2025-04-25,25778.859062246906,25778.859062246906,0.0,21032.14973230305,12925.620575601666,0.0,0.0,0.0,0.0,0.0,12925.620575601666,1200.0,1480.2491966365333,13126.986331426187,10380.634651482333,0.0,0.0
115,2025-04-26,25246.22965624318,25246.22965624318,177.33951726826723,23113.060406158493,12406.27967418372,0.0,0.0,0.0,0.0,375.6758858024212,12781.95555998614,1480.2491966365333,1200.0,13118.628478907927,10878.313344888304,0.0,0.0
116,2025-04-27,52970.55443511404,52970.55443511404,1153.4837186360078,1569.4977042835185,31332.855585839243,0.0,0.0,0.0,0.0,7725.603009128108,39058.45859496735,1200.0,1276.4853799940463,20590.69696915031,16609.62770301711,0.0,0.0
117,2025-04-28,66306.38658722336,66306.38658722336,63.867914671758484,5770.59323339163,38759.44322647307,0.0,0.0,0.0,0.0,135.17556534339036,38894.618791816465,1276.4853799940463,1402.5766661387795,20337.956812139757,16360.262860302944,0.0,0.0
118,2025-04-29,55653.482471797506,55653.482471797506,716.9464427269737,5311.363403724218,33099.99778992824,0.0,0.0,0.0,0.0,4997.054457131239,38097.05224705948,1402.5766661387795,1544.0160730863051,18413.454357267517,14787.602563133923,0.0,0.0
119,2025-04-30,51957.018369601115,51957.018369601115,125.70540945271944,615.8242736919301,31419.529114813035,0.0,0.0,0.0,0.0,442.7020241901033,31862.23113900314,1544.0160730863051,1200.0,18524.52388319079,15314.478811162215,0.0,0.0
120,2025-05-01,53822.52825307541,53822.52825307541,2662.5825449307285,1672.12863614569,33110.66728943539,0.0,0.0,0.0,0.0,12867.823440960152,45978.49073039554,1200.0,1200.0,20008.438746633972,16206.835384773516,0.0,0.0
121,2025-05-02,26996.715536326526,26996.715536326526,1928.2134189618437,12000.830420864117,13689.122837171555,0.0,0.0,0.0,0.0,8882.182431126235,22571.30526829779,1200.0,1200.0,13861.991847846966,11228.213396756044,0.0,0.0
122,2025-05-03,26248.078820387258,26248.078820387258,2170.9012713573647,17020.87253402121,13019.416517743843,0.0,0.0,0.0,0.0,10142.255384742915,23161.671902486756,1200.0,1200.0,13320.715303807423,10789.779396084012,0.0,0.0
123,2025-05-04,58572.324905208654,58572.324905208654,2292.9839668753425,5643.660155319564,34869.330313518454,0.0,0.0,0.0,0.0,11423.107982637768,46292.43829615622,1200.0,1200.0,18352.533597005808,14865.552213574705,0.0,0.0
124,2025-05-05,61431.12010159538,61431.12010159538,0.0,2153.016666132288,37995.73890252758,0.0,0.0,0.0,0.0,0.0,37995.73890252758,1200.0,1621.2199137150524,20121.045858523943,15918.949223060845,0.0,0.0
125,2025-05-06,52615.36757219696,52615.36757219696,3407.2787229321566,71.02688811077473,32530.671629794648,0.0,0.0,0.0,0.0,20020.53380006019,52551.20542985484,1621.2199137150524,1200.0,18213.86822471169,15132.331184360013,0.0,0.0
126,2025-05-07,57478.46804659228,57478.46804659228,1749.765421462036,68.49042178927243,35735.61322270184,0.0,0.0,0.0,0.0,11985.924077312737,47721.53730001458,1200.0,1652.2758491838995,19393.9412210502,15302.044124785154,0.0,0.0
127,2025-05-08,64687.338991415796,64687.338991415796,214.05709894311465,5461.7546429054755,38762.66003856076,0.0,0.0,0.0,0.0,1284.1465881366146,40046.80662669738,1652.2758491838995,1545.0406896691636,19524.424689561652,15911.295642108209,0.0,0.0
128,2025-05-09,28354.344269281053,28354.344269281053,18.189518536793344,16989.826422153,14865.604387822199,0.0,0.0,0.0,0.0,111.19252681541771,14976.796914637616,1545.0406896691636,1841.6482410593323,13770.393260072082,10887.071744407234,0.0,0.0
129,2025-05-10,27536.89779340787,27536.89779340787,0.0,13434.526935252177,14527.239304393373,0.0,0.0,0.0,0.0,0.0,14527.239304393373,1841.6482410593323,1323.6653035788322,12881.632729235827,10900.30715441347,0.0,0.0
130,2025-05-11,63089.70640395434,63089.70640395434,426.62489350892577,4169.935593548471,37792.54254949461,0.0,0.0,0.0,0.0,2966.2196171099326,40758.762166604545,1323.6653035788322,1528.1085275899459,19359.566941955087,15497.250321373625,0.0,0.0
131,2025-05-12,55926.30121617789,55926.30121617789,838.7989071854324,251.6808252104546,35397.72276112028,0.0,0.0,0.0,0.0,5823.544120305461,41221.26688142574,1528.1085275899459,2835.542722982584,17923.859415611383,13341.635350791843,0.0,0.0
132,2025-05-13,64921.68085150403,64921.68085150403,0.0,7177.888011174618,40029.738529283255,0.0,0.0,0.0,0.0,0.0,40029.738529283255,2835.542722982584,4135.307227736737,18130.484312547444,13515.904238884694,0.0,0.0
133,2025-05-14,60479.86626208258,60479.86626208258,0.0,4289.586619232633,38649.73876916401,0.0,0.0,0.0,0.0,0.0,38649.73876916401,4135.307227736737,4035.1964601357195,17190.68710714488,14014.556247628265,0.0,0.0
134,2025-05-15,57665.495153134354,57665.495153134354,0.0,907.3673114121067,37687.73648566898,0.0,0.0,0.0,0.0,0.0,37687.73648566898,4035.1964601357195,4667.3637031907,18021.67915599704,14028.609597608123,0.0,0.0
135,2025-05-16,27065.2670421875,27065.2670421875,0.0,22674.561567739453,15949.12895840144,0.0,0.0,0.0,0.0,0.0,15949.12895840144,4667.3637031907,3958.8253890802694,12173.070651653159,10497.871710538444,0.0,0.0
136,2025-05-17,27971.447022297576,27971.447022297576,0.0,15065.800915629801,16145.472528998465,0.0,0.0,0.0,0.0,0.0,16145.472528998465,3958.8253890802694,4003.485792697184,12719.224526732709,10262.377503398267,0.0,0.0
137,2025-05-18,63072.4069781072,63072.4069781072,0.0,5907.824140539438,39266.30398382482,0.0,0.0,0.0,0.0,0.0,39266.30398382482,4003.485792697184,4176.56005823637,17540.25209780265,14051.83736023488,0.0,0.0
138,2025-05-19,57128.810002651364,57128.810002651364,51.76189842060876,6504.263914231709,35955.323760415034,0.0,0.0,0.0,0.0,349.1081238977958,36304.43188431283,4176.56005823637,4051.148772245702,17231.37681174662,14070.285374906358,0.0,0.0
139,2025-05-20,56895.33925082554,56895.33925082554,0.0,486.11866504361046,36095.554940268834,0.0,0.0,0.0,0.0,0.0,36095.554940268834,4051.148772245702,2609.7028204097605,16732.248030355848,14850.422261240581,0.0,0.0
140,2025-05-21,54102.20889800081,54102.20889800081,419.4533140139293,98.66141026744378,34936.36845317307,0.0,0.0,0.0,0.0,2926.1063185611706,37862.47477173424,2609.7028204097605,2458.009824524461,16825.837972161804,13765.452453747836,0.0,0.0
141,2025-05-22,56477.71025674731,56477.71025674731,0.0,661.2161914825457,35874.00309448308,0.0,0.0,0.0,0.0,0.0,35874.00309448308,2458.009824524461,3928.3954405408845,19350.08523254384,14350.221983945734,0.0,0.0
142,2025-05-23,24555.49410812462,24555.49410812462,0.0,17603.749781802024,13180.549045759855,0.0,0.0,0.0,0.0,0.0,13180.549045759855,3928.3954405408845,2002.470854171663,11916.460898534542,11385.665455545277,0.0,0.0
143,2025-05-24,26772.846820861447,26772.846820861447,19.717466598814326,21152.69300451259,14535.502459563068,0.0,0.0,0.0,0.0,83.22742651359528,14618.729886076662,2002.470854171663,1573.5304604524238,11954.822389271878,10069.452489657539,0.0,0.0
144,2025-05-25,58587.602091664754,58587.602091664754,354.69686694624454,7097.670796178185,35091.547286421366,0.0,0.0,0.0,0.0,2012.7380605838193,37104.285347005185,1573.5304604524238,1520.629530871813,17616.993766958098,14317.375787858613,0.0,0.0
145,2025-05-26,56578.2834817787,56578.2834817787,1251.6698271162625,197.0722379225756,35067.7929971963,0.0,0.0,0.0,0.0,8071.528402554822,43139.32139975113,1520.629530871813,1219.3486324042515,17495.794366279995,14442.746245307602,0.0,0.0
146,2025-05-27,54262.796154248426,54262.796154248426,0.0,651.584471731862,33882.170555170596,0.0,0.0,0.0,0.0,0.0,33882.170555170596,1219.3486324042515,1937.7824361719565,18811.86294276652,14591.018560249948,0.0,0.0
147,2025-05-28,61261.71711497004,61261.71711497004,0.0,5447.8206278720045,36888.94156039783,0.0,0.0,0.0,0.0,0.0,36888.94156039783,1937.7824361719565,1950.383870158293,18572.268929001708,15032.196541903682,0.0,0.0
148,2025-05-29,59082.22263529392,59082.22263529392,249.86195769609736,2103.0982202210503,35699.059090779934,0.0,0.0,0.0,0.0,1511.78890683491,37210.847997614845,1950.383870158293,1343.395945417718,19290.273710713147,16171.410837944173,0.0,0.0
149,2025-05-30,27349.07257587312,27349.07257587312,0.0,17807.916254306598,14757.116239640018,0.0,0.0,0.0,0.0,0.0,14757.116239640018,1343.395945417718,1861.2532679486346,13046.586655905441,10101.663601005584,0.0,0.0
150,2025-05-31,28636.857953007944,28636.857953007944,0.0,18013.63176539058,15372.817232980746,0.0,0.0,0.0,0.0,0.0,15372.817232980746,1861.2532679486346,1633.3355159870248,12837.740075699001,10603.69543808164,0.0,0.0
151,2025-06-01,75150.68006392132,75150.68006392132,4802.942665342973,5200.774437055444,45692.02436306962,0.0,0.0,0.0,0.0,21794.098165263138,67486.12252833275,1633.3355159870248,1200.0,20621.17871893247,17093.156726723624,0.0,0.0
152,2025-06-02,77513.88059126845,77513.88059126845,955.4884334255996,5539.390649693854,48052.765901520834,0.0,0.0,0.0,0.0,6517.849516345806,54570.61541786664,1200.0,1366.9638776284455,21783.70229018214,17494.531365181934,0.0,0.0
153,2025-06-03,71582.65883172446,71582.65883172446,1516.479009571441,942.9188689377784,44690.413257673485,0.0,0.0,0.0,0.0,10167.190427383495,54857.60368505698,1366.9638776284455,1566.0605310066276,19919.290268339173,15955.438129314369,0.0,0.0
154,2025-06-04,82804.16121896463,82804.16121896463,162.99670698364298,9783.945182004645,51760.92747417945,0.0,0.0,0.0,0.0,1109.7595446475616,52870.68701882701,1566.0605310066276,1250.0582976146918,20117.65230173531,16579.70037445834,0.0,0.0
155,2025-06-05,70694.29357468392,70694.29357468392,5856.317748448789,1382.3179509333122,42572.41436897278,0.0,0.0,0.0,0.0,31300.354186306482,73872.76855527927,1250.0582976146918,1200.0,21389.620123084063,17370.64476755132,0.0,0.0
156,2025-06-06,31847.0140789745,31847.0140789745,4404.701495979395,2791.3904315965365,17465.84446128486,0.0,0.0,0.0,0.0,21180.668260261402,38646.51272154626,1200.0,1200.0,13712.261807144005,11106.932063786644,0.0,0.0
157,2025-06-07,36934.22345474233,36934.22345474233,3837.831386339927,6983.266556637469,18922.358799516158,0.0,0.0,0.0,0.0,20335.5102739894,39257.86907350556,1200.0,1200.1559792171959,14011.235455171834,11348.960337393713,0.0,0.0
158,2025-06-08,77331.22872684045,77331.22872684045,0.0,5747.64464872536,48969.043691637504,0.0,0.0,0.0,0.0,0.0,48969.043691637504,1200.1559792171959,4050.925196260752,20173.518505838096,13774.857694389664,0.0,0.0
159,2025-06-09,84838.33041059299,84838.33041059299,0.0,9232.236636805937,55204.40196295206,0.0,0.0,0.0,0.0,0.0,55204.40196295206,4050.925196260752,5206.919464438407,19120.979995230657,14447.598954776946,0.0,0.0
160,2025-06-10,77493.14426932299,77493.14426932299,0.0,2309.037173362644,50234.99594216724,0.0,0.0,0.0,0.0,0.0,50234.99594216724,5206.919464438407,5053.674295925437,19492.544812045704,15926.881949418694,0.0,0.0
161,2025-06-11,81595.00943388829,81595.00943388829,11.420770959566767,4740.283413092207,52554.49892684557,0.0,0.0,0.0,0.0,76.89605087076305,52631.39497771633,5053.674295925437,1782.1497473493669,19610.908256881354,18829.207781792356,0.0,0.0
162,2025-06-12,82289.59417588134,82289.59417588134,0.0,5577.251573709676,51750.28670000119,0.0,0.0,0.0,0.0,0.0,51750.28670000119,1782.1497473493669,1987.0942098348949,21450.006066323036,17190.054897484686,0.0,0.0
163,2025-06-13,37522.31009186988,37522.31009186988,0.0,6710.918986504376,21921.165613336438,0.0,0.0,0.0,0.0,0.0,21921.165613336438,1987.0942098348949,1886.9355388750773,13453.790574891229,10987.71316952573,0.0,0.0
164,2025-06-14,38226.778946562714,38226.778946562714,0.0,9726.225457354229,22195.293114224136,0.0,0.0,0.0,0.0,0.0,22195.293114224136,1886.9355388750773,1728.2105145611206,12895.06979521606,10587.859056007568,0.0,0.0
165,2025-06-15,76093.93657617975,76093.93657617975,0.0,1023.5754089936763,47418.26454994091,0.0,0.0,0.0,0.0,0.0,47418.26454994091,1728.2105145611206,1715.557067867861,23446.183873035196,19002.797039182442,0.0,0.0
166,2025-06-16,81477.82055415526,81477.82055415526,26.010268781021523,3814.235624688687,51026.09190155522,0.0,0.0,0.0,0.0,175.7003896752392,51201.79229123046,1715.557067867861,2278.238296352224,23626.996189184185,18631.453807603255,0.0,0.0
167,2025-06-17,81959.55336976552,81959.55336976552,0.0,3425.574541969991,51245.721039727425,0.0,0.0,0.0,0.0,0.0,51245.721039727425,2278.238296352224,1718.1961579938709,23163.187029744186,19266.21941861531,0.0,0.0
168,2025-06-18,82878.89528572091,82878.89528572091,31.51726958634947,7809.009633003458,51740.113078516624,0.0,0.0,0.0,0.0,212.4579142815818,51952.5709927982,1718.1961579938709,2006.2359313548277,20598.8222435734,16425.810221269596,0.0,0.0
169,2025-06-19,76848.76296244496,76848.76296244496,479.38297667256523,5889.860693237726,47761.06497136894,0.0,0.0,0.0,0.0,3323.713917890164,51084.778889259105,2006.2359313548277,1416.4331078929038,19524.229405239712,16345.448359359902,0.0,0.0
170,2025-06-20,35504.56413095247,35504.56413095247,0.0,9959.921923366168,21137.723662250603,0.0,0.0,0.0,0.0,0.0,21137.723662250603,1416.4331078929038,2134.7307762097453,13145.22871632182,10001.167358735513,0.0,0.0
171,2025-06-21,39756.410630021666,39756.410630021666,0.0,14289.3637236339,23772.94829682864,0.0,0.0,0.0,0.0,0.0,23772.94829682864,2134.7307762097453,5874.245814388153,14561.80511593265,8429.498609544882,0.0,0.0
172,2025-06-22,69219.28252377355,69219.28252377355,768.0812662753207,1795.1225507598547,44188.50419367601,0.0,0.0,0.0,0.0,5322.994908715151,49511.49910239116,5874.245814388153,3243.853687527288,16327.647649809425,15592.747510520414,0.0,0.0
173,2025-06-23,75523.37011933577,75523.37011933577,0.0,3367.977040273362,48746.168475184764,0.0,0.0,0.0,0.0,0.0,48746.168475184764,3243.853687527288,4614.101897074075,20320.44047615953,15226.333397097113,0.0,0.0
174,2025-06-24,85384.74634985178,85384.74634985178,0.0,3716.156977751225,55368.94711523238,0.0,0.0,0.0,0.0,0.0,55368.94711523238,4614.101897074075,5787.555027263277,22861.52265752775,17461.7255354272,0.0,0.0
175,2025-06-25,73730.33708844348,73730.33708844348,98.74828211381464,2439.1736103277904,47200.17248632045,0.0,0.0,0.0,0.0,688.868016025971,47889.04050234642,5787.555027263277,3269.9698469503855,16938.510820233947,15986.020426671104,0.0,0.0
176,2025-06-26,71169.68951422325,71169.68951422325,64.87036358256364,2007.6656444001235,45629.13709840374,0.0,0.0,0.0,0.0,437.8139022947529,46066.95100069849,3269.9698469503855,1326.9922981454854,18043.106284193636,16363.595884121254,0.0,0.0
177,2025-06-27,37466.0001801122,37466.0001801122,0.0,14284.303250437453,21897.992329797264,0.0,0.0,0.0,0.0,0.0,21897.992329797264,1326.9922981454854,2250.6588981982823,13572.374331371415,10162.323268363332,0.0,0.0
178,2025-06-28,34366.10446667412,34366.10446667412,0.0,10609.795370576454,19996.257104423057,0.0,0.0,0.0,0.0,0.0,19996.257104423057,2250.6588981982823,1883.3885330984133,12157.506884320466,10178.12390488946,0.0,0.0
179,2025-06-29,70235.7550882508,70235.7550882508,3227.651410296845,887.0225957599116,42748.168542110216,0.0,0.0,0.0,0.0,21336.90028480414,64085.06882691436,1883.3885330984133,1457.7763317056874,19429.82289846236,16121.207529007968,0.0,0.0
180,2025-06-30,80410.10545667201,80410.10545667201,0.0,2658.6285700534927,51030.41508266775,0.0,0.0,0.0,0.0,0.0,51030.41508266775,1457.7763317056874,5345.148091010188,23027.149052163844,15153.356148878658,0.0,0.0
181,2025-07-01,66910.47831243284,66910.47831243284,10632.560584218594,149.20109476418713,43177.23484011344,0.0,0.0,0.0,0.0,67928.47977294812,111105.71461306156,5345.148091010188,1367.4699365448257,11090.547934593353,12563.254166039442,0.0,0.0
182,2025-07-02,66756.20452285866,66756.20452285866,8586.620212247908,0.0,43799.51752456046,0.0,0.0,0.0,0.0,50729.01300562659,94528.53053018705,1367.4699365448257,1200.0,13625.164796475081,11187.106428035158,0.0,0.0
183,2025-07-03,75399.30432017444,75399.30432017444,9151.572981185167,933.0577900460974,47139.990213217316,0.0,0.0,0.0,0.0,48415.91124977499,95555.9014629923,1200.0,1200.0,20302.10830515882,16444.70772717865,0.0,0.0
184,2025-07-04,37148.76859885611,37148.76859885611,4119.94644840465,9835.362770591768,21844.84204545211,0.0,0.0,0.0,0.0,17427.028470577912,39271.87051603002,1200.0,1200.0,13434.130578959644,10881.64576895731,0.0,0.0
185,2025-07-05,39925.08302271666,39925.08302271666,2233.9340302618602,10660.445975273087,23673.154865888733,0.0,0.0,0.0,0.0,9858.230366935504,33531.385232824236,1200.0,1408.959044805356,13265.410372178621,10556.919261139861,0.0,0.0
186,2025-07-06,76939.80591347851,76939.80591347851,6725.390541092196,589.7367442588147,49141.736465404916,0.0,0.0,0.0,0.0,43986.32593455369,93128.06239995861,1408.959044805356,1200.0,18260.743687561666,14979.265527249772,0.0,0.0
187,2025-07-07,82085.23300356546,82085.23300356546,32.932053904461895,4253.671798410972,51521.368886332,0.0,0.0,0.0,0.0,221.9725331906516,51743.34141952265,1200.0,1668.513915956077,21228.1472001675,16773.1367077752,0.0,0.0
188,2025-07-08,100812.89991186406,100812.89991186406,0.0,17658.65940763302,64848.55137821678,0.0,0.0,0.0,0.0,0.0,64848.55137821678,1668.513915956077,5499.952736982294,21760.834466530447,14177.980978966067,0.0,0.0
189,2025-07-09,95118.8419611582,95118.8419611582,0.0,18147.770180053376,61488.10106263819,0.0,0.0,0.0,0.0,0.0,61488.10106263819,5499.952736982294,5110.878607286099,17171.12358507753,14258.776820639376,0.0,0.0
190,2025-07-10,87262.72876452023,87262.72876452023,0.0,10811.482478076305,56644.99329637406,0.0,0.0,0.0,0.0,0.0,56644.99329637406,5110.878607286099,5054.975452330828,19199.661803001833,15602.038899891231,0.0,0.0
191,2025-07-11,52637.57236882609,52637.57236882609,0.0,17001.71062059349,33046.371383481346,0.0,0.0,0.0,0.0,0.0,33046.371383481346,5054.975452330828,5944.245476548672,12193.376718087038,9076.292119854437,0.0,0.0
192,2025-07-12,46809.9246861902,46809.9246861902,0.0,14176.463570644977,29503.627162564553,0.0,0.0,0.0,0.0,0.0,29503.627162564553,5944.245476548672,5191.6562397681355,11718.674185865131,10169.456403653241,0.0,0.0
193,2025-07-13,91696.86034266673,91696.86034266673,0.0,19109.159808855886,60121.124119387525,0.0,0.0,0.0,0.0,0.0,60121.124119387525,5191.6562397681355,5242.7373423967065,17231.61653392178,13911.636400110927,0.0,0.0
194,2025-07-14,91525.84612473339,91525.84612473339,0.0,16479.7366451837,58708.19525536596,0.0,0.0,0.0,0.0,0.0,58708.19525536596,5242.7373423967065,5386.031988060504,16365.605693608442,13127.17543072542,0.0,0.0
195,2025-07-15,94264.22242426127,94264.22242426127,0.0,17604.9141698348,60754.814580430975,0.0,0.0,0.0,0.0,0.0,60754.814580430975,5386.031988060504,6064.407076360191,17366.9478506496,13456.69017955646,0.0,0.0
196,2025-07-16,88014.5798089713,88014.5798089713,0.0,13583.041484429124,57499.38845995651,0.0,0.0,0.0,0.0,0.0,57499.38845995651,6064.407076360191,5302.386771302997,15698.911661896444,13401.936720687594,0.0,0.0
197,2025-07-17,85332.05053567824,85332.05053567824,0.0,9534.873961309717,55086.47178906048,0.0,0.0,0.0,0.0,0.0,55086.47178906048,5302.386771302997,4894.060247211039,18127.65462834009,15050.89412063824,0.0,0.0
198,2025-07-18,53518.408211751244,53518.408211751244,0.0,19121.5679627791,33503.79206711809,0.0,0.0,0.0,0.0,0.0,33503.79206711809,4894.060247211039,5905.289598479927,11644.661751737609,8522.069602765463,0.0,0.0
199,2025-07-19,49184.45906033003,49184.45906033003,0.0,20350.499117233903,31547.814690785686,0.0,0.0,0.0,0.0,0.0,31547.814690785686,5905.289598479927,5249.591793329854,11796.152198585212,10145.011305489092,0.0,0.0
200,2025-07-20,90101.89358085423,90101.89358085423,0.0,14813.050350918438,57657.87547306319,0.0,0.0,0.0,0.0,0.0,57657.87547306319,5249.591793329854,5120.525383400861,17447.49885371168,14248.633840442559,0.0,0.0
201,2025-07-21,95518.34683417095,95518.34683417095,0.0,17167.227252843484,62147.81993791738,0.0,0.0,0.0,0.0,0.0,62147.81993791738,5120.525383400861,6182.467111263747,17924.32987500464,13562.959643677168,0.0,0.0
202,2025-07-22,88765.95649488921,88765.95649488921,0.0,12523.243186803666,57865.6995518493,0.0,0.0,0.0,0.0,0.0,57865.6995518493,6182.467111263747,5319.460553552063,16969.866280838938,14522.29758942006,0.0,0.0
203,2025-07-23,99165.7238909828,99165.7238909828,0.0,22002.016722518434,64841.01833388182,0.0,0.0,0.0,0.0,0.0,64841.01833388182,5319.460553552063,5089.969362756433,16598.43222901982,13651.272177222123,0.0,0.0
204,2025-07-24,96412.9778660051,96412.9778660051,0.0,19272.470927397462,62919.95159977654,0.0,0.0,0.0,0.0,0.0,62919.95159977654,5089.969362756433,5367.88986386566,17231.08677689132,13707.051838283669,0.0,0.0
205,2025-07-25,46946.692997419465,46946.692997419465,0.0,17759.00490379188,29682.550560702366,0.0,0.0,0.0,0.0,0.0,29682.550560702366,5367.88986386566,5770.405831219251,12211.074507066753,9528.705980105835,0.0,0.0
206,2025-07-26,47151.792533403735,47151.792533403735,0.0,16758.809648000224,29377.20271139566,0.0,0.0,0.0,0.0,0.0,29377.20271139566,5770.405831219251,5547.129788726877,11183.36714199992,9259.47582326307,0.0,0.0
207,2025-07-27,87082.43032366912,87082.43032366912,0.0,10581.801898605438,55873.02075715185,0.0,0.0,0.0,0.0,0.0,55873.02075715185,5547.129788726877,4858.154500131814,18081.665183153877,15266.226558090197,0.0,0.0
208,2025-07-28,94457.98753488062,94457.98753488062,0.0,12215.913369438094,60972.02355312102,0.0,0.0,0.0,0.0,0.0,60972.02355312102,4858.154500131814,5497.76936984916,19534.439733492523,15247.242801383327,0.0,0.0
209,2025-07-29,91194.78692689423,91194.78692689423,0.0,11260.5759208651,58834.879004135895,0.0,0.0,0.0,0.0,0.0,58834.879004135895,5497.76936984916,5813.5182915641035,18846.268560450997,14981.303504421858,0.0,0.0
210,2025-07-30,82182.41690101635,82182.41690101635,0.0,4852.805745763303,53115.214456241054,0.0,0.0,0.0,0.0,0.0,53115.214456241054,5813.5182915641035,5387.283768464973,18999.832505485516,15773.47540023248,0.0,0.0
211,2025-07-31,85161.13132947043,85161.13132947043,0.0,7495.611441046052,54522.897543917075,0.0,0.0,0.0,0.0,0.0,54522.897543917075,5387.283768464973,4564.373987889481,19532.328548819314,16561.80492706159,0.0,0.0
212,2025-08-01,47995.299615972195,47995.299615972195,0.0,22773.32696478715,30683.74417148631,0.0,0.0,0.0,0.0,0.0,30683.74417148631,4564.373987889481,6275.253429618854,12793.797299799711,8823.184315281334,0.0,0.0
213,2025-08-02,44488.24199430585,44488.24199430585,0.0,22449.05632737523,28085.69233981844,0.0,0.0,0.0,0.0,0.0,28085.69233981844,6275.253429618854,5033.5580223637335,11735.192632246817,10623.031898649535,0.0,0.0
214,2025-08-03,64126.37579427747,64126.37579427747,1470.881721195733,3243.40396722421,41453.44079586532,0.0,0.0,0.0,0.0,7864.5079917528055,49317.94878761812,5033.5580223637335,1209.2687504604462,15559.125840150571,16044.752275234921,0.0,0.0
215,2025-08-04,75749.07153615804,75749.07153615804,21.077791934037805,5142.431347595826,48948.35517835999,0.0,0.0,0.0,0.0,141.91677309187656,49090.27195145187,1209.2687504604462,2683.643728200789,20448.02851156106,15235.96561439815,0.0,0.0
216,2025-08-05,72446.2986286234,72446.2986286234,0.0,4560.245104352842,47056.24517772808,0.0,0.0,0.0,0.0,0.0,47056.24517772808,2683.643728200789,1772.8744758564826,18702.295358142568,15968.551567205355,0.0,0.0
217,2025-08-06,79106.40229896027,79106.40229896027,107.00715675841064,7961.736198335191,51064.42118244646,0.0,0.0,0.0,0.0,297.3803718772041,51361.80155432366,1772.8744758564826,1200.0,19225.584310461352,16088.310319744527,0.0,0.0
218,2025-08-07,77709.74849094372,77709.74849094372,530.1440357896251,10900.656857135567,48576.56922953113,0.0,0.0,0.0,0.0,2254.529157988911,50831.09838752004,1200.0,1291.0942562775547,20364.555731305114,16413.30531170734,0.0,0.0
219,2025-08-08,42419.308718516695,42419.308718516695,0.0,23206.005166263618,25083.23231167175,0.0,0.0,0.0,0.0,0.0,25083.23231167175,1291.0942562775547,2089.321279883428,14314.35779477788,10876.225492524794,0.0,0.0
220,2025-08-09,39916.073347889636,39916.073347889636,0.0,18894.809334365153,23790.636796776424,0.0,0.0,0.0,0.0,0.0,23790.636796776424,2089.321279883428,1652.811898118242,13116.807669016614,11017.472655492125,0.0,0.0
221,2025-08-10,71313.99536521721,71313.99536521721,80.33898526735095,2120.262227825302,46500.96553505512,0.0,0.0,0.0,0.0,544.6277321950832,47045.5932672502,1652.811898118242,1893.381159960538,19752.319668427335,15782.866595768071,0.0,0.0
222,2025-08-11,73025.68605709432,73025.68605709432,86.95930865115952,4722.636310696234,46269.50291307316,0.0,0.0,0.0,0.0,586.0345580445821,46855.537471117736,1893.381159960538,1887.8478945675474,20177.55610826115,16348.800386545227,0.0,0.0
223,2025-08-12,76949.41562579336,76949.41562579336,311.86828868680357,5747.487931802256,49017.81041078504,0.0,0.0,0.0,0.0,1968.8942561177344,50986.70466690277,1887.8478945675474,1979.1802220265536,19321.33283139376,15568.080498715848,0.0,0.0
224,2025-08-13,68047.56422928875,68047.56422928875,1623.0044880317769,208.4414903741116,43701.33064960537,0.0,0.0,0.0,0.0,11090.021332667588,54791.35198227296,1979.1802220265536,1887.1252485871032,18021.03817390492,14679.890396958494,0.0,0.0
225,2025-08-14,69409.52707756343,69409.52707756343,715.4546441103146,386.67557471409975,44847.961411749995,0.0,0.0,0.0,0.0,4018.8311377388845,48866.79254948888,1887.1252485871032,1636.0161635731733,21252.70179020449,17440.686626578172,0.0,0.0
226,2025-08-15,41535.413395874406,41535.413395874406,0.0,21178.824808093475,25063.024239280785,0.0,0.0,0.0,0.0,0.0,25063.024239280785,1636.0161635731733,2150.2207502522506,14389.881981244318,11193.020276796728,0.0,0.0
227,2025-08-16,40612.84313167316,40612.84313167316,623.7586881220145,22364.83010041761,25113.879421906993,0.0,0.0,0.0,0.0,2615.810310005362,27729.689731912356,2150.2207502522506,1614.794767814607,12759.867036340927,10817.375683630033,0.0,0.0
228,2025-08-17,72489.82925721808,72489.82925721808,1349.0965230455092,7165.012403185072,45200.41619680424,0.0,0.0,0.0,0.0,9266.318737305875,54466.734934110114,1614.794767814607,1326.6976252506247,19830.564151154962,16322.044390743102,0.0,0.0
229,2025-08-18,73497.81807376895,73497.81807376895,75.97364066973262,4296.810629427647,46926.00287136786,0.0,0.0,0.0,0.0,512.2773185636812,47438.280189931545,1326.6976252506247,2330.4763502820424,20944.550609558384,16061.685141214013,0.0,0.0
230,2025-08-19,71893.2866257708,71893.2866257708,69.12587853527532,4282.3974848551425,46237.114578296634,0.0,0.0,0.0,0.0,466.21268914986206,46703.3272674465,2330.4763502820424,2133.9321517571643,18627.60393749118,15265.248968040247,0.0,0.0
231,2025-08-20,79400.29020551051,79400.29020551051,441.6608588759335,5806.152221673162,49675.470748638516,0.0,0.0,0.0,0.0,3047.00695058854,52722.477699227056,2133.9321517571643,1389.7123738697978,21341.608295501337,17956.50051945472,0.0,0.0
232,2025-08-21,74144.52182006172,74144.52182006172,73.12893031536487,4588.92178701894,46742.050738924285,0.0,0.0,0.0,0.0,501.1683377576527,47243.21907668194,1389.7123738697978,1399.7334968787547,19869.955101667136,16085.644621642316,0.0,0.0
233,2025-08-22,41588.087955072486,41588.087955072486,0.0,17245.4143095857,24980.204297593336,0.0,0.0,0.0,0.0,0.0,24980.204297593336,1399.7334968787547,1796.3762536936918,14500.661917649188,11388.557672162398,0.0,0.0
234,2025-08-23,38718.35001829303,38718.35001829303,417.6562656086435,14601.893055217806,22723.134266294415,0.0,0.0,0.0,0.0,2498.152280261174,25221.286546555588,1796.3762536936918,1200.0,13372.87214214837,11368.7650634645,0.0,0.0
235,2025-08-24,68456.14864564937,68456.14864564937,661.6155915545705,1294.8965701943237,44099.85902986815,0.0,0.0,0.0,0.0,3806.7623066695055,47906.62133653766,1200.0,1221.166308534458,21422.255294711937,17332.977111035652,0.0,0.0
236,2025-08-25,94492.59272086565,94492.59272086565,126.84880613786811,19466.700616368984,60160.53763415034,0.0,0.0,0.0,0.0,855.9680788879288,61016.50571303827,1221.166308534458,2104.8378332624943,18864.997482698083,14485.343588730215,0.0,0.0
237,2025-08-26,72355.4455763906,72355.4455763906,0.0,2224.858180677724,46928.41090117887,0.0,0.0,0.0,0.0,0.0,46928.41090117887,2104.8378332624943,2834.5513308491118,20763.29928711367,16161.530274734125,0.0,0.0
238,2025-08-27,71226.02393024653,71226.02393024653,912.7708635531174,1810.6796665847264,46268.25591397178,0.0,0.0,0.0,0.0,6323.770300371209,52592.026214342986,2834.5513308491118,1629.5449076950417,18413.01074414178,15999.044483593512,0.0,0.0
239,2025-08-28,70346.37410994551,70346.37410994551,4262.2669962303435,497.41607840127654,44320.42672027864,0.0,0.0,0.0,0.0,28894.71433324308,73215.14105352171,1629.5449076950417,1410.8715545267196,18632.821380488105,15289.391336046861,0.0,0.0
240,2025-08-29,44915.147595208255,44915.147595208255,0.0,18552.04772229438,27342.7396589578,0.0,0.0,0.0,0.0,0.0,27342.7396589578,1410.8715545267196,2461.0598946076625,15066.894825479061,11259.01530256519,0.0,0.0
241,2025-08-30,40600.70005356291,40600.70005356291,0.0,20540.83155247057,24602.491711330946,0.0,0.0,0.0,0.0,0.0,24602.491711330946,2461.0598946076625,1507.580015862842,12659.371361207117,11112.222693448108,0.0,0.0
242,2025-08-31,68617.36178149824,68617.36178149824,2041.6954066173184,163.136082521753,44827.5870636339,0.0,0.0,0.0,0.0,13021.94439961557,57849.53146324947,1507.580015862842,1690.3940251335625,19393.50217850962,15544.204156249143,0.0,0.0
243,2025-09-01,81203.4670714318,81203.4670714318,0.0,20489.40104812305,51236.75119737009,0.0,0.0,0.0,0.0,0.0,51236.75119737009,1690.3940251335625,5745.816021697025,18368.693121412205,11228.761631436773,0.0,0.0
244,2025-09-02,65394.522545742395,65394.522545742395,0.0,8500.100832662125,42423.59453066194,0.0,0.0,0.0,0.0,0.0,42423.59453066194,5745.816021697025,5184.54520422809,17588.471572643764,14751.805709563487,0.0,0.0
245,2025-09-03,68182.60302245924,68182.60302245924,0.0,9809.928518744417,44523.99877229055,0.0,0.0,0.0,0.0,0.0,44523.99877229055,5184.54520422809,4800.225061147014,16688.659907830537,13863.7026541157,0.0,0.0
246,2025-09-04,66182.24971037453,66182.24971037453,0.0,8852.41914763502,43953.59977074628,0.0,0.0,0.0,0.0,0.0,43953.59977074628,4800.225061147014,4687.370332634309,18451.759307373366,15047.494294633863,0.0,0.0
247,2025-09-05,34088.54725680771,34088.54725680771,0.0,24678.498192037696,21091.132022172147,0.0,0.0,0.0,0.0,0.0,21091.132022172147,4687.370332634309,4867.889335751035,12754.31734367524,10168.529945571892,0.0,0.0
248,2025-09-06,33984.51797912763,33984.51797912763,0.0,23437.0717997647,20857.510132758114,0.0,0.0,0.0,0.0,0.0,20857.510132758114,4867.889335751035,5199.277292598084,13305.859569476755,10479.497090113826,0.0,0.0
249,2025-09-07,60439.78089765439,60439.78089765439,0.0,2824.0135685457817,39931.63863760987,0.0,0.0,0.0,0.0,0.0,39931.63863760987,5199.277292598084,4321.398966504515,18130.91687329557,15476.133160853627,0.0,0.0
250,2025-09-08,59999.77629809533,59999.77629809533,1345.236918362209,1526.1859517269338,37973.979026007684,0.0,0.0,0.0,0.0,6875.629869083344,44849.60889509103,4321.398966504515,1200.0,17013.246322375468,16589.988590978202,0.0,0.0
251,2025-09-09,55608.80060704505,55608.80060704505,2621.3063224989874,1353.037648016329,35499.15932607906,0.0,0.0,0.0,0.0,15215.19252361305,50714.35184969211,1200.0,1200.0,19864.394815058127,16090.159800197081,0.0,0.0
252,2025-09-10,65607.01408675716,65607.01408675716,1823.578943305707,2112.316117518504,40382.10189246888,0.0,0.0,0.0,0.0,10320.524631352017,50702.6265238209,1200.0,1200.0,21064.622434444056,17062.344171899687,0.0,0.0
253,2025-09-11,62787.449701854865,62787.449701854865,1112.1147251402203,6334.646824300993,39270.50524205162,0.0,0.0,0.0,0.0,4376.559000153977,43647.0642422056,1200.0,1250.8151616779915,21174.20091500303,17105.369095642265,0.0,0.0
254,2025-09-12,32671.28929918022,32671.28929918022,0.0,17875.435604753628,18026.32288115636,0.0,0.0,0.0,0.0,0.0,18026.32288115636,1250.8151616779915,1640.3357907424506,15229.62593825565,11985.428443829063,0.0,0.0
255,2025-09-13,31871.656132319036,31871.656132319036,320.4008891913111,21612.225909288216,17426.247786341944,0.0,0.0,0.0,0.0,2135.023758216067,19561.27154455801,1640.3357907424506,1420.6308617658067,14581.389815619885,12008.660186731086,0.0,0.0
256,2025-09-14,68454.5807699865,68454.5807699865,1564.4460948812766,6978.610112659636,43352.94047530198,0.0,0.0,0.0,0.0,7762.346774387244,51115.28724968922,1420.6308617658067,1200.0,16524.525146301916,13583.433144093782,0.0,0.0
257,2025-09-15,58917.506822621974,58917.506822621974,1264.623506713786,792.0961921241568,37034.702834245705,0.0,0.0,0.0,0.0,7909.167732329612,44943.870566575315,1200.0,1291.5843130207045,22318.8295903139,17995.826086435634,0.0,0.0
258,2025-09-16,72092.19159115799,72092.19159115799,606.993388581946,9288.98281066045,44088.76043272238,0.0,0.0,0.0,0.0,3285.1401263444195,47373.9005590668,1291.5843130207045,1200.0,21057.14772349887,17138.715537752716,0.0,0.0
259,2025-09-17,67158.90979841907,67158.90979841907,452.7225512468672,3505.136133961802,41809.18943194357,0.0,0.0,0.0,0.0,2185.882930239427,43995.072362183,1200.0,1200.0,21823.041135284962,17676.663319580824,0.0,0.0
260,2025-09-18,58563.70424163254,58563.70424163254,4288.359516564804,248.65688368916562,36591.73126769087,0.0,0.0,0.0,0.0,26520.460009277293,63112.191276968166,1200.0,1204.1823001220391,19176.798356482563,15529.442598641042,0.0,0.0
261,2025-09-19,33437.343621697655,33437.343621697655,402.7863483226064,14155.829544177826,19088.932136249277,0.0,0.0,0.0,0.0,1593.4829322936343,20682.415068542912,1204.1823001220391,1920.3744760531101,15465.132372830567,11882.184263654799,0.0,0.0
262,2025-09-20,32138.18208712551,32138.18208712551,770.8621129778845,14869.833700517407,18310.43293366798,0.0,0.0,0.0,0.0,3049.1154993621785,21359.54843303016,1920.3744760531101,1440.6199224116513,14871.346655420906,12477.569889168251,0.0,0.0
263,2025-09-21,67243.07225217103,67243.07225217103,32.45805199513488,4656.515155003426,41630.11675365183,0.0,0.0,0.0,0.0,160.1967156219882,41790.313469273824,1440.6199224116513,1817.9548120939558,21010.13823744904,16678.610571619636,0.0,0.0
264,2025-09-22,72941.81462314352,72941.81462314352,149.87651711205714,9139.20173186764,45817.59492119686,0.0,0.0,0.0,0.0,367.985506440832,46185.580427637695,1817.9548120939558,1200.0,20498.04661020622,17159.577085151606,0.0,0.0
265,2025-09-23,73406.49750567034,73406.49750567034,6.375,6056.7773760430155,46075.20792167632,0.0,0.0,0.0,0.0,42.996187500000005,46118.204109176324,1200.0,2423.6631841780963,21779.908844914273,16540.429298620278,0.0,0.0
266,2025-09-24,59595.08080229716,59595.08080229716,3783.5099494983197,214.34642430202882,37958.3362522679,0.0,0.0,0.0,0.0,25309.87011554656,63268.20636781446,2423.6631841780963,1200.0,16854.295227651237,14753.276000157788,0.0,0.0
267,2025-09-25,66663.7253512523,66663.7253512523,0.0,2253.6825033072646,42364.94143245302,0.0,0.0,0.0,0.0,0.0,42364.94143245302,1200.0,1405.864259488264,20470.08481266108,16395.490864716037,0.0,0.0
268,2025-09-26,35499.00803907707,35499.00803907707,0.0,14540.81003032027,20139.23939443386,0.0,0.0,0.0,0.0,0.0,20139.23939443386,1405.864259488264,1768.8121241847518,15459.481213315616,12195.526704558815,0.0,0.0
269,2025-09-27,33346.64114165862,33346.64114165862,63.48556687394634,12850.496571024709,18629.794410962968,0.0,0.0,0.0,0.0,299.1728706194065,18928.967281582376,1768.8121241847518,1394.9491597045724,16288.445029158018,13530.117141650157,0.0,0.0
270,2025-09-28,66651.98799420102,66651.98799420102,898.1957142117271,258.7735857627781,42064.14290458376,0.0,0.0,0.0,0.0,5845.108198371554,47909.25110295531,1394.9491597045724,1339.7096606430646,20281.560553361323,16477.77959737803,0.0,0.0
271,2025-09-29,73625.05041893845,73625.05041893845,85.68299501587671,6512.751465466233,46180.09810277086,0.0,0.0,0.0,0.0,516.840338792281,46696.93844156314,1339.7096606430646,1613.4696331741743,22061.61249057954,17623.52214209143,0.0,0.0
272,2025-09-30,71871.26989560598,71871.26989560598,1168.435034646952,3091.5305449183847,45740.69858960232,0.0,0.0,0.0,0.0,5971.3700429679375,51712.068632570255,1613.4696331741743,1834.4088399782145,22774.496487074975,18248.496868407095,0.0,0.0
273,2025-10-01,66644.36598977547,66644.36598977547,0.0,11154.86939358004,41396.62978575776,0.0,0.0,0.0,0.0,0.0,41396.62978575776,1834.4088399782145,3760.5929544839987,21549.522946352048,15721.547883489953,0.0,0.0
274,2025-10-02,69632.4838763994,69632.4838763994,0.0,14661.949633776952,44027.8512075736,0.0,0.0,0.0,0.0,0.0,44027.8512075736,3760.5929544839987,3605.37642602881,17786.55790297606,14546.806777020278,0.0,0.0
275,2025-10-03,29790.79451964776,29790.79451964776,0.0,19318.744047035743,16539.584945949333,0.0,0.0,0.0,0.0,0.0,16539.584945949333,3605.37642602881,3636.386630128795,13826.250468010687,11171.353695398675,0.0,0.0
276,2025-10-04,32120.017141505603,32120.017141505603,0.0,16280.627162697292,18225.52561489305,0.0,0.0,0.0,0.0,0.0,18225.52561489305,3636.386630128795,3698.41266688014,14145.179538940882,11401.7719934659,0.0,0.0
277,2025-10-05,68438.53551245741,68438.53551245741,0.0,10937.109519315925,42663.367486770985,0.0,0.0,0.0,0.0,0.0,42663.367486770985,3698.41266688014,3106.252954441286,17360.045619314697,14594.580692839874,0.0,0.0
278,2025-10-06,61400.221949849525,61400.221949849525,395.0041674546824,954.6039926167516,39250.27183808209,0.0,0.0,0.0,0.0,2009.0991963261686,41259.37103440826,3106.252954441286,2429.2415216471,19562.227180011727,16454.71430532427,0.0,0.0
279,2025-10-07,66616.4833731879,66616.4833731879,14.726265697760823,4929.490287841584,40960.15054295324,0.0,0.0,0.0,0.0,102.7304295075795,41062.88097246082,2429.2415216471,2337.6028656103153,21119.111270932604,17188.95491988852,0.0,0.0
280,2025-10-08,60179.36159185661,60179.36159185661,1921.5789264760463,2517.416015016775,35889.139712998905,0.0,0.0,0.0,0.0,12203.882410131107,48093.02212313001,2337.6028656103153,1422.750250434783,20675.769422669488,17570.740586020263,0.0,0.0
281,2025-10-09,69909.2339079427,69909.2339079427,462.7419450849155,10913.32417519911,42305.98537530444,0.0,0.0,0.0,0.0,2679.3564050625746,44985.34178036701,1422.750250434783,1200.0,20521.81694677099,16823.146952275805,0.0,0.0
282,2025-10-10,30641.600594078787,30641.600594078787,469.19974175872477,18703.092966296867,15743.973296153534,0.0,0.0,0.0,0.0,2228.7412608851396,17972.714557038675,1200.0,1200.0,16126.823436178862,13062.726983304881,0.0,0.0
283,2025-10-11,31456.69195096544,31456.69195096544,662.3546372089921,14517.186566112534,15954.083240481355,0.0,0.0,0.0,0.0,4244.583882619929,20198.667123101284,1200.0,1590.9105340539722,16545.931358315767,13050.384919587203,0.0,0.0
284,2025-10-12,63589.28131120887,63589.28131120887,2563.118945741794,3975.8324778436295,37591.18758164892,0.0,0.0,0.0,0.0,17053.50995425863,54644.697535907544,1590.9105340539722,1200.0,21123.322507485656,17461.710711711956,0.0,0.0
285,2025-10-13,68599.41807838283,68599.41807838283,166.07857373778944,7307.347510028955,41655.410623081814,0.0,0.0,0.0,0.0,706.7740068331473,42362.18462991496,1200.0,1617.1730299084247,21343.674290389947,16912.92044829828,0.0,0.0
286,2025-10-14,70471.50304804844,70471.50304804844,359.767378165495,6379.101700063646,43063.126402873684,0.0,0.0,0.0,0.0,1678.359423090419,44741.485825964104,1617.1730299084247,1321.9128592999716,20758.282086129246,17079.9426433123,0.0,0.0
287,2025-10-15,72578.52797799121,72578.52797799121,63.439770331490216,6810.144606498292,44637.49089993315,0.0,0.0,0.0,0.0,246.11249170564716,44883.6033916388,1321.9128592999716,1282.5685182257916,20774.7863094272,16862.986817602796,0.0,0.0
288,2025-10-16,67842.05478460701,67842.05478460701,1486.5474217448555,2105.613878793357,41645.52559184792,0.0,0.0,0.0,0.0,9124.115693807986,50769.64128565591,1282.5685182257916,1426.6095597672306,21720.412843006445,17463.897465447924,0.0,0.0
289,2025-10-17,31119.153340466895,31119.153340466895,454.9329352480531,12639.092692374572,16011.878573260145,0.0,0.0,0.0,0.0,2717.0073785577442,18728.885951817887,1426.6095597672306,1285.363649480351,16094.292557536355,13163.49829086264,0.0,0.0
290,2025-10-18,33465.269657563316,33465.269657563316,0.0,13643.698548408654,18004.70413157365,0.0,0.0,0.0,0.0,0.0,18004.70413157365,1285.363649480351,1978.3510031688888,16427.838021938474,12682.860179450481,0.0,0.0
291,2025-10-19,68685.76829836203,68685.76829836203,1249.4585657601424,2526.4556087176593,42337.655582701496,0.0,0.0,0.0,0.0,7578.146792176196,49915.80237487769,1978.3510031688888,1497.9988212676783,20817.71413569621,17294.66541362502,0.0,0.0
292,2025-10-20,76178.19977613131,76178.19977613131,0.0,8223.63850861734,47811.3882689435,0.0,0.0,0.0,0.0,0.0,47811.3882689435,1497.9988212676783,1406.9849716226242,18924.69139751504,15410.912496667726,0.0,0.0
293,2025-10-21,75098.44756586556,75098.44756586556,0.0,3995.727347899424,46661.176382341175,0.0,0.0,0.0,0.0,0.0,46661.176382341175,1406.9849716226242,1839.2409579936525,22374.25515911695,17734.116291150804,0.0,0.0
294,2025-10-22,69964.19454080056,69964.19454080056,108.6352738880002,1044.765683186568,43743.1539836625,0.0,0.0,0.0,0.0,242.7555453222716,43985.909528984776,1839.2409579936525,1200.0,21307.81207208575,17834.64464058375,0.0,0.0
295,2025-10-23,80691.47121501739,80691.47121501739,554.1928829763885,14418.049849733721,50282.763968827916,0.0,0.0,0.0,0.0,2913.4081205794546,53196.17208940737,1200.0,1200.0,18147.985341719625,14699.868126792899,0.0,0.0
296,2025-10-24,33917.92894228537,33917.92894228537,0.0,11921.154244026045,17997.77063642096,0.0,0.0,0.0,0.0,0.0,17997.77063642096,1200.0,1514.2333130702866,17336.38947278633,13759.665491193675,0.0,0.0
297,2025-10-25,33172.591027566144,33172.591027566144,81.2244449469134,10952.770577120176,17414.023098875787,0.0,0.0,0.0,0.0,295.6633444917019,17709.68644336749,1514.2333130702866,1270.9970390527335,16429.077940396583,13526.46577833703,0.0,0.0
298,2025-10-26,74214.87585008377,74214.87585008377,534.4728523505717,6571.315474889683,45903.81765450324,0.0,0.0,0.0,0.0,3724.403119296408,49628.22077379965,1270.9970390527335,1288.3237718315618,19042.77448093185,15409.053270053853,0.0,0.0
299,2025-10-27,70215.08225876035,70215.08225876035,805.9418031782362,3231.5524273255087,43824.4213446706,0.0,0.0,0.0,0.0,5600.8890270856145,49425.31037175621,1288.3237718315618,1489.939001574677,21344.40137461899,17107.511406672576,0.0,0.0
300,2025-10-28,70088.00746768198,70088.00746768198,2911.8511191001135,3386.8283206292363,43136.75004644712,0.0,0.0,0.0,0.0,19008.753009586326,62145.50305603345,1489.939001574677,1345.4650425227187,19845.448048945364,16204.839482792508,0.0,0.0
301,2025-10-29,77616.92228813218,77616.92228813218,882.6788084275938,5032.616441120657,47826.64116060418,0.0,0.0,0.0,0.0,4768.57636250772,52595.2175231119,1345.4650425227187,1200.0,22556.033651102975,18401.30579566386,0.0,0.0
302,2025-10-30,67311.4512923754,67311.4512923754,2171.370208068569,593.8691909708467,41749.012142978696,0.0,0.0,0.0,0.0,13442.787962483515,55191.800105462215,1200.0,1200.0,21584.919260384835,17483.784600911724,0.0,0.0
303,2025-10-31,36854.88828725364,36854.88828725364,0.0,8911.256530775208,20046.157348203604,0.0,0.0,0.0,0.0,0.0,20046.157348203604,1200.0,2030.0673675290675,17327.784521240075,13288.444831428302,0.0,0.0
304,2025-11-01,34010.43504446799,34010.43504446799,0.0,8283.641884124652,18204.439302534585,0.0,0.0,0.0,0.0,0.0,18204.439302534585,2030.0673675290675,2032.2314515329865,16741.08974424463,13558.335017234629,0.0,0.0
305,2025-11-02,72278.27087455624,72278.27087455624,806.1850243997528,619.751785389296,45089.9797669931,0.0,0.0,0.0,0.0,5538.134184805204,50628.1139517983,2032.2314515329865,1427.229880597588,22172.745231974848,18504.425051741484,0.0,0.0
306,2025-11-03,81777.10119192791,81777.10119192791,0.0,6956.491934851875,51409.77649553345,0.0,0.0,0.0,0.0,0.0,51409.77649553345,1427.229880597588,2680.6378128464094,22040.06228799351,16724.3833142508,0.0,0.0
307,2025-11-04,74402.93654500513,74402.93654500513,270.8945176405917,4518.555128752084,46727.86966363706,0.0,0.0,0.0,0.0,1491.180018955796,48219.04968259286,2680.6378128464094,1222.6434505680015,20459.99382426768,17884.789923707387,0.0,0.0
308,2025-11-05,83829.05951425238,83829.05951425238,0.0,9413.349029895455,53115.044294070874,0.0,0.0,0.0,0.0,0.0,53115.044294070874,1222.6434505680015,1835.9678544978635,22029.991863965217,17292.301446274945,0.0,0.0
309,2025-11-06,76127.34701514148,76127.34701514148,2050.816201347998,3170.7978416623364,47543.3534868601,0.0,0.0,0.0,0.0,9357.015454958462,56900.36894181856,1835.9678544978635,1246.58615639118,21938.022911174543,18300.242086347396,0.0,0.0
310,2025-11-07,34943.69444171032,34943.69444171032,0.0,8005.204206965165,18567.61359928685,0.0,0.0,0.0,0.0,0.0,18567.61359928685,1246.58615639118,1320.5822783015537,18702.273377328922,15082.244925917097,0.0,0.0
311,2025-11-08,36804.71235379543,36804.71235379543,0.0,8935.720210033473,19472.4290968509,0.0,0.0,0.0,0.0,0.0,19472.4290968509,1320.5822783015537,2100.424626837655,17768.036474102435,13690.251430340482,0.0,0.0
312,2025-11-09,78891.70386922121,78891.70386922121,12.849192551502961,4188.198468964039,49422.946890277875,0.0,0.0,0.0,0.0,58.52676210699126,49481.47365238487,2100.424626837655,1353.7698246719867,21271.19332328658,17901.65591381123,0.0,0.0
313,2025-11-10,81421.62315470699,81421.62315470699,0.0,2869.1649021243425,50979.20842202169,0.0,0.0,0.0,0.0,0.0,50979.20842202169,1353.7698246719867,1668.0069517005127,23216.851253984067,18522.83610140142,0.0,0.0
314,2025-11-11,83208.16070122586,83208.16070122586,0.0,7546.604012441858,52829.016978404805,0.0,0.0,0.0,0.0,0.0,52829.016978404805,1668.0069517005127,2036.1557160492953,19848.437548439197,15745.90052632185,0.0,0.0
315,2025-11-12,79300.49437823286,79300.49437823286,0.0,4360.679909041155,49699.64406309472,0.0,0.0,0.0,0.0,0.0,49699.64406309472,2036.1557160492953,1801.8875698797176,22077.200267075474,18093.373547883755,0.0,0.0
316,2025-11-13,76538.72986956913,76538.72986956913,2306.573317915392,3008.307363200381,48263.24939065637,0.0,0.0,0.0,0.0,15690.800287528684,63954.04967818505,1801.8875698797176,1641.0775128617217,18872.91346807204,15431.788960454554,0.0,0.0
317,2025-11-14,37211.07962190319,37211.07962190319,0.0,5821.504776079842,20043.96533927135,0.0,0.0,0.0,0.0,0.0,20043.96533927135,1641.0775128617217,2103.491525970398,17762.878600134456,13971.759054311106,0.0,0.0
318,2025-11-15,39416.540311323464,39416.540311323464,0.0,7989.56573184801,20965.92640154084,0.0,0.0,0.0,0.0,0.0,20965.92640154084,2103.491525970398,1956.8079668075104,17616.33087397573,14401.243211166933,0.0,0.0
319,2025-11-16,78587.773849791,78587.773849791,906.5156221039703,1368.5487927486029,49380.629550689526,0.0,0.0,0.0,0.0,6288.880265821894,55669.50981651142,1956.8079668075104,1305.048117799946,22514.632420630864,18823.436124817817,0.0,0.0
320,2025-11-17,77709.63408017134,77709.63408017134,869.550466067953,1038.9488397331183,48858.3928064024,0.0,0.0,0.0,0.0,4183.567586312793,53041.96039271519,1305.048117799946,1644.7104757678276,23888.343426325002,19043.86205315216,0.0,0.0
321,2025-11-18,81062.69015433083,81062.69015433083,1198.3380010197156,2988.147242087097,50992.95128352973,0.0,0.0,0.0,0.0,5775.650466625477,56768.601750155205,1644.7104757678276,1449.0444716895029,23991.728861055803,19609.399781125692,0.0,0.0
322,2025-11-19,79498.85163537935,79498.85163537935,2230.065466682296,2074.845530160499,49818.992739543784,0.0,0.0,0.0,0.0,10245.687479182667,60064.680218726455,1449.0444716895029,1200.0,23736.315770640584,19450.555798739428,0.0,0.0
323,2025-11-20,79288.47795506162,79288.47795506162,1061.787417865155,939.1739900916033,49837.04908539445,0.0,0.0,0.0,0.0,7131.343650700011,56968.39273609446,1200.0,1319.8871201376428,23737.457586199776,19119.44223669794,0.0,0.0
324,2025-11-21,36076.845647384114,36076.845647384114,28.341695553820053,2994.7646370514635,19451.400041697878,0.0,0.0,0.0,0.0,155.25580824382624,19606.655849941704,1319.8871201376428,1987.8012385232448,19183.768066698765,14937.729427478958,0.0,0.0
325,2025-11-22,40506.9660066817,40506.9660066817,0.0,7025.214512182748,21349.73232169654,0.0,0.0,0.0,0.0,0.0,21349.73232169654,1987.8012385232448,1702.974136721627,18517.191593616233,15255.26958245061,0.0,0.0
326,2025-11-23,79724.95363365806,79724.95363365806,815.6756014756977,990.5445302813728,50357.12068730101,0.0,0.0,0.0,0.0,3961.331282574688,54318.4519698757,1702.974136721627,1544.4355228511395,23477.227231592115,19159.23881007305,0.0,0.0
327,2025-11-24,78694.39228539802,78694.39228539802,206.01364944729005,562.360659636335,49394.966026012626,0.0,0.0,0.0,0.0,1155.1538226290734,50550.1198486417,1544.4355228511395,1200.0,23611.01866197376,19434.917086764777,0.0,0.0
328,2025-11-25,91061.61355017438,91061.61355017438,0.0,10381.792410741618,58352.96155072828,0.0,0.0,0.0,0.0,0.0,58352.96155072828,1200.0,1565.257354466869,22012.784493399628,17501.623820633526,0.0,0.0
329,2025-11-26,85824.15308212026,85824.15308212026,32.99316666666664,4057.482701125943,54289.872771361384,0.0,0.0,0.0,0.0,154.53999266666654,54444.41276402805,1565.257354466869,1970.7460432012274,24616.08865508811,19574.091990760455,0.0,0.0
330,2025-11-27,82024.3652949296,82024.3652949296,82.94047081976078,2179.503273018058,51857.531474238145,0.0,0.0,0.0,0.0,578.5927244386512,52436.1241986768,1970.7460432012274,1506.7420037650547,24023.754709950095,19876.844950552128,0.0,0.0
331,2025-11-28,37245.001839767676,37245.001839767676,0.0,2557.327466254851,20180.026056735172,0.0,0.0,0.0,0.0,0.0,20180.026056735172,1506.7420037650547,1690.8900851809028,18951.06605388723,15184.630230374394,0.0,0.0
332,2025-11-29,47758.733255741994,47758.733255741994,0.0,9608.788477474238,25353.75837655832,0.0,0.0,0.0,0.0,0.0,25353.75837655832,1690.8900851809028,1421.6497887036471,18225.320763669934,15004.826085402176,0.0,0.0
333,2025-11-30,84867.97084196129,84867.97084196129,1273.7986794679205,1395.8770685234808,53344.224206218074,0.0,0.0,0.0,0.0,8172.46230032299,61516.68650654107,1421.6497887036471,1294.580605501652,24291.71895326766,19790.654617028602,0.0,0.0
334,2025-12-01,89746.83012759633,89746.83012759633,3897.772759063206,2545.2024980508268,57298.52407333357,0.0,0.0,0.0,0.0,19055.379135679636,76353.9032090132,1294.580605501652,1398.8724055721177,24771.631764273534,19971.159108998145,0.0,0.0
335,2025-12-02,93379.06683999876,93379.06683999876,4232.692225545721,4599.788227300799,59751.204548168724,0.0,0.0,0.0,0.0,20450.35137236632,80201.55592053504,1398.8724055721177,1200.0,23963.926596097866,19589.765707854174,0.0,0.0
336,2025-12-03,83334.24963841423,83334.24963841423,7583.6726038809575,114.35096834576655,53053.856056866425,0.0,0.0,0.0,0.0,49618.61387701127,102672.4699338777,1200.0,1200.0,19162.22477517239,15521.40206788964,0.0,0.0
337,2025-12-04,89794.32564847314,89794.32564847314,5210.663413424528,3731.272294563969,58292.61634955037,0.0,0.0,0.0,0.0,24700.305689057313,82992.92203860768,1200.0,1200.0,23697.4106175458,19194.902600212103,0.0,0.0
338,2025-12-05,43924.36803261988,43924.36803261988,1540.2813978621255,174.2293332032841,23315.408378710228,0.0,0.0,0.0,0.0,7571.171747666217,30886.580126376444,1200.0,1200.0,20941.012704975732,16962.220291030346,0.0,0.0
339,2025-12-06,46364.91558514528,46364.91558514528,1659.52342235468,232.26186204376216,24340.299430536124,0.0,0.0,0.0,0.0,8664.151535901863,33004.45096643799,1200.0,1320.369536056733,21153.756559676214,17026.210230886685,0.0,0.0
340,2025-12-07,94245.65855542402,94245.65855542402,728.0144785458675,2613.4394158129676,59980.0748764385,0.0,0.0,0.0,0.0,4518.750717309212,64498.82559374771,1320.369536056733,1225.45964968326,25226.164557331766,20518.612189174855,0.0,0.0
341,2025-12-08,102835.59745479228,102835.59745479228,0.0,10069.286126698604,66167.5304606683,0.0,0.0,0.0,0.0,0.0,66167.5304606683,1225.45964968326,1764.49019299314,23336.69853920059,18417.598327773583,0.0,0.0
342,2025-12-09,101482.07742620284,101482.07742620284,0.0,9644.78319547277,65566.03246760454,0.0,0.0,0.0,0.0,0.0,65566.03246760454,1764.49019299314,1732.5602492569935,23566.194281189204,19117.35431712579,0.0,0.0
343,2025-12-10,96484.2896504793,96484.2896504793,0.0,3472.390597367277,61692.83423393367,0.0,0.0,0.0,0.0,0.0,61692.83423393367,1732.5602492569935,1666.9884381079355,24648.92219199747,20024.641605552097,0.0,0.0
344,2025-12-11,99753.80940913134,99753.80940913134,0.0,9403.072433014842,64148.74169108442,0.0,0.0,0.0,0.0,0.0,64148.74169108442,1666.9884381079355,1694.8072970967028,22970.76475277164,18581.28247665514,0.0,0.0
345,2025-12-12,53487.49104087212,53487.49104087212,66.5047550986035,6382.616945198197,28250.728014017906,0.0,0.0,0.0,0.0,307.60447994675644,28558.332493964663,1694.8072970967028,1595.311171365575,18665.852003143224,15208.886635704026,0.0,0.0
346,2025-12-13,54665.062591765905,54665.062591765905,0.0,7367.827880759696,29061.58820538927,0.0,0.0,0.0,0.0,0.0,29061.58820538927,1595.311171365575,1649.7377563928126,18156.407374465012,14657.706046792144,0.0,0.0
347,2025-12-14,94778.59643541573,94778.59643541573,1286.430170126247,2920.0571281730745,60360.738644827914,0.0,0.0,0.0,0.0,8707.419706706663,69068.15835153457,1649.7377563928126,1373.5577724405343,24288.47191013659,19922.224232767694,0.0,0.0
348,2025-12-15,95670.60874658878,95670.60874658878,1604.4859904709447,3226.4633389895853,61062.20066224136,0.0,0.0,0.0,0.0,10927.305555200372,71989.50621744173,1373.5577724405343,1485.6887034480617,23569.239965772158,18990.166534368676,0.0,0.0
349,2025-12-16,100893.46675070636,100893.46675070636,0.0,6441.165670249783,65474.83367336725,0.0,0.0,0.0,0.0,0.0,65474.83367336725,1485.6887034480617,2057.1843465296824,23788.756149209414,18754.54640208617,0.0,0.0
350,2025-12-17,100113.65468672151,100113.65468672151,0.0,8064.480679995184,64422.6154403891,0.0,0.0,0.0,0.0,0.0,64422.6154403891,2057.1843465296824,1541.4563339435824,22744.642902037733,18887.31596197806,0.0,0.0
351,2025-12-18,94901.62840618035,94901.62840618035,461.9045262414252,3654.601414442539,60943.75790362478,0.0,0.0,0.0,0.0,2989.202386741083,63932.96029036586,1541.4563339435824,1308.57856486385,23959.234439391188,19616.569888078622,0.0,0.0
352,2025-12-19,51275.8910737501,51275.8910737501,0.0,4551.334609152651,27345.9503932942,0.0,0.0,0.0,0.0,0.0,27345.9503932942,1308.57856486385,1415.5006717388421,19578.606675841926,15762.44151124447,0.0,0.0
353,2025-12-20,53515.04874921666,53515.04874921666,0.0,6930.332985919164,28662.187503158697,0.0,0.0,0.0,0.0,0.0,28662.187503158697,1415.5006717388421,1516.1468610110123,19146.220752381843,15417.857239084344,0.0,0.0
354,2025-12-21,98226.65125935948,98226.65125935948,111.70355177497026,4790.968295350941,62858.072505059055,0.0,0.0,0.0,0.0,727.9848265545816,63586.057331613636,1516.1468610110123,1453.9017337504404,24029.606650796657,19520.002001679808,0.0,0.0
355,2025-12-22,97485.46431347667,97485.46431347667,26.71587473056258,3950.805591052607,62807.153186667114,0.0,0.0,0.0,0.0,69.98150623703572,62877.13469290415,1453.9017337504404,1479.9102437855163,24213.367656788054,19589.420142966752,0.0,0.0
356,2025-12-23,100228.40045745502,100228.40045745502,0.0,8158.157228393946,64585.82423018496,0.0,0.0,0.0,0.0,0.0,64585.82423018496,1479.9102437855163,1878.342871435589,23439.79647811949,18627.645782391723,0.0,0.0
357,2025-12-24,98026.49513101071,98026.49513101071,0.0,6087.200710535028,63262.36640557136,0.0,0.0,0.0,0.0,0.0,63262.36640557136,1878.342871435589,1459.888882680395,23480.756282572063,19396.021178763043,0.0,0.0
358,2025-12-25,94244.07038179549,94244.07038179549,1643.653228266125,3605.989220112356,59898.14494302121,0.0,0.0,0.0,0.0,11167.582066806033,71065.72700982724,1459.888882680395,1449.6844103601918,23570.894114232153,19101.608257616226,0.0,0.0
359,2025-12-26,51566.1812146889,51566.1812146889,0.0,4029.8393682136357,27359.497545811806,0.0,0.0,0.0,0.0,0.0,27359.497545811806,1449.6844103601918,2209.5199011372147,20236.1445865401,15707.425173398167,0.0,0.0
360,2025-12-27,51938.41608772648,51938.41608772648,0.0,5306.761047347893,27285.08844764342,0.0,0.0,0.0,0.0,0.0,27285.08844764342,2209.5199011372147,1789.5149050727757,19320.265632473245,16027.419658761322,0.0,0.0
361,2025-12-28,96407.14588050201,96407.14588050201,159.31040440140634,5619.282850907953,61806.67648521186,0.0,0.0,0.0,0.0,844.1073143628055,62650.78379957467,1789.5149050727757,1515.8011225608068,23075.058359243354,18937.139675247883,0.0,0.0
362,2025-12-29,97345.4620001344,97345.4620001344,0.0,5033.881244348324,61992.059242508854,0.0,0.0,0.0,0.0,0.0,61992.059242508854,1515.8011225608068,1660.9301196507304,24511.570482834126,19723.755993714713,0.0,0.0
363,2025-12-30,97568.37889792382,97568.37889792382,0.0,6853.956419678294,62449.34675567299,0.0,0.0,0.0,0.0,0.0,62449.34675567299,1660.9301196507304,1637.419701923102,23743.04870631795,19253.028828072413,0.0,0.0
364,2025-12-31,99001.57484895168,99001.57484895168,161.39876420293328,6200.918002197739,63347.94732109493,0.0,0.0,0.0,0.0,840.239433477117,64188.186754572045,1637.419701923102,1321.1545543294362,24211.95426556758,19896.321587944043,0.0,0.0
